city_id,up_ad_name,up_ad_code,cityname,adcode,citycode
110000_010,,,北京市,110000,010
110101_010,,,东城区,110101,010
110102_010,,,西城区,110102,010
110105_010,,,朝阳区,110105,010
110106_010,,,丰台区,110106,010
110107_010,,,石景山区,110107,010
110108_010,,,海淀区,110108,010
110109_010,,,门头沟区,110109,010
110111_010,,,房山区,110111,010
110112_010,,,通州区,110112,010
110113_010,,,顺义区,110113,010
110114_010,,,昌平区,110114,010
110115_010,,,大兴区,110115,010
110116_010,,,怀柔区,110116,010
110117_010,,,平谷区,110117,010
110118_010,,,密云区,110118,010
110119_010,,,延庆区,110119,010
120000_022,,,天津市,120000,022
120101_022,,,和平区,120101,022
120102_022,,,河东区,120102,022
120103_022,,,河西区,120103,022
120104_022,,,南开区,120104,022
120105_022,,,河北区,120105,022
120106_022,,,红桥区,120106,022
120110_022,,,东丽区,120110,022
120111_022,,,西青区,120111,022
120112_022,,,津南区,120112,022
120113_022,,,北辰区,120113,022
120114_022,,,武清区,120114,022
120115_022,,,宝坻区,120115,022
120116_022,,,滨海新区,120116,022
120117_022,,,宁河区,120117,022
120118_022,,,静海区,120118,022
120119_022,,,蓟州区,120119,022
130000_\N,,,河北省,130000,\N
130100_0311,,,石家庄市,130100,0311
130102_0311,,,长安区,130102,0311
130104_0311,,,桥西区,130104,0311
130105_0311,,,新华区,130105,0311
130107_0311,,,井陉矿区,130107,0311
130108_0311,,,裕华区,130108,0311
130109_0311,,,藁城区,130109,0311
130110_0311,,,鹿泉区,130110,0311
130111_0311,,,栾城区,130111,0311
130121_0311,,,井陉县,130121,0311
130123_0311,,,正定县,130123,0311
130125_0311,,,行唐县,130125,0311
130126_0311,,,灵寿县,130126,0311
130127_0311,,,高邑县,130127,0311
130128_0311,,,深泽县,130128,0311
130129_0311,,,赞皇县,130129,0311
130130_0311,,,无极县,130130,0311
130131_0311,,,平山县,130131,0311
130132_0311,,,元氏县,130132,0311
130133_0311,,,赵县,130133,0311
130181_0311,,,辛集市,130181,0311
130183_0311,,,晋州市,130183,0311
130184_0311,,,新乐市,130184,0311
130200_0315,,,唐山市,130200,0315
130202_0315,,,路南区,130202,0315
130203_0315,,,路北区,130203,0315
130204_0315,,,古冶区,130204,0315
130205_0315,,,开平区,130205,0315
130207_0315,,,丰南区,130207,0315
130208_0315,,,丰润区,130208,0315
130209_0315,,,曹妃甸区,130209,0315
130224_0315,,,滦南县,130224,0315
130225_0315,,,乐亭县,130225,0315
130227_0315,,,迁西县,130227,0315
130229_0315,,,玉田县,130229,0315
130281_0315,,,遵化市,130281,0315
130283_0315,,,迁安市,130283,0315
130284_0315,,,滦州市,130284,0315
130300_0335,,,秦皇岛市,130300,0335
130302_0335,,,海港区,130302,0335
130303_0335,,,山海关区,130303,0335
130304_0335,,,北戴河区,130304,0335
130306_0335,,,抚宁区,130306,0335
130321_0335,,,青龙满族自治县,130321,0335
130322_0335,,,昌黎县,130322,0335
130324_0335,,,卢龙县,130324,0335
130400_0310,,,邯郸市,130400,0310
130402_0310,,,邯山区,130402,0310
130403_0310,,,丛台区,130403,0310
130404_0310,,,复兴区,130404,0310
130406_0310,,,峰峰矿区,130406,0310
130407_0310,,,肥乡区,130407,0310
130408_0310,,,永年区,130408,0310
130423_0310,,,临漳县,130423,0310
130424_0310,,,成安县,130424,0310
130425_0310,,,大名县,130425,0310
130426_0310,,,涉县,130426,0310
130427_0310,,,磁县,130427,0310
130430_0310,,,邱县,130430,0310
130431_0310,,,鸡泽县,130431,0310
130432_0310,,,广平县,130432,0310
130433_0310,,,馆陶县,130433,0310
130434_0310,,,魏县,130434,0310
130435_0310,,,曲周县,130435,0310
130481_0310,,,武安市,130481,0310
130500_0319,,,邢台市,130500,0319
130502_0319,,,襄都区,130502,0319
130503_0319,,,信都区,130503,0319
130505_0319,,,任泽区,130505,0319
130506_0319,,,南和区,130506,0319
130522_0319,,,临城县,130522,0319
130523_0319,,,内丘县,130523,0319
130524_0319,,,柏乡县,130524,0319
130525_0319,,,隆尧县,130525,0319
130528_0319,,,宁晋县,130528,0319
130529_0319,,,巨鹿县,130529,0319
130530_0319,,,新河县,130530,0319
130531_0319,,,广宗县,130531,0319
130532_0319,,,平乡县,130532,0319
130533_0319,,,威县,130533,0319
130534_0319,,,清河县,130534,0319
130535_0319,,,临西县,130535,0319
130581_0319,,,南宫市,130581,0319
130582_0319,,,沙河市,130582,0319
130600_0312,,,保定市,130600,0312
130602_0312,,,竞秀区,130602,0312
130606_0312,,,莲池区,130606,0312
130607_0312,,,满城区,130607,0312
130608_0312,,,清苑区,130608,0312
130609_0312,,,徐水区,130609,0312
130623_0312,,,涞水县,130623,0312
130624_0312,,,阜平县,130624,0312
130626_0312,,,定兴县,130626,0312
130627_0312,,,唐县,130627,0312
130628_0312,,,高阳县,130628,0312
130629_0312,,,容城县,130629,0312
130630_0312,,,涞源县,130630,0312
130631_0312,,,望都县,130631,0312
130632_0312,,,安新县,130632,0312
130633_0312,,,易县,130633,0312
130634_0312,,,曲阳县,130634,0312
130635_0312,,,蠡县,130635,0312
130636_0312,,,顺平县,130636,0312
130637_0312,,,博野县,130637,0312
130638_0312,,,雄县,130638,0312
130681_0312,,,涿州市,130681,0312
130682_0312,,,定州市,130682,0312
130683_0312,,,安国市,130683,0312
130684_0312,,,高碑店市,130684,0312
130700_0313,,,张家口市,130700,0313
130702_0313,,,桥东区,130702,0313
130703_0313,,,桥西区,130703,0313
130705_0313,,,宣化区,130705,0313
130706_0313,,,下花园区,130706,0313
130708_0313,,,万全区,130708,0313
130709_0313,,,崇礼区,130709,0313
130722_0313,,,张北县,130722,0313
130723_0313,,,康保县,130723,0313
130724_0313,,,沽源县,130724,0313
130725_0313,,,尚义县,130725,0313
130726_0313,,,蔚县,130726,0313
130727_0313,,,阳原县,130727,0313
130728_0313,,,怀安县,130728,0313
130730_0313,,,怀来县,130730,0313
130731_0313,,,涿鹿县,130731,0313
130732_0313,,,赤城县,130732,0313
130800_0314,,,承德市,130800,0314
130802_0314,,,双桥区,130802,0314
130803_0314,,,双滦区,130803,0314
130804_0314,,,鹰手营子矿区,130804,0314
130821_0314,,,承德县,130821,0314
130822_0314,,,兴隆县,130822,0314
130824_0314,,,滦平县,130824,0314
130825_0314,,,隆化县,130825,0314
130826_0314,,,丰宁满族自治县,130826,0314
130827_0314,,,宽城满族自治县,130827,0314
130828_0314,,,围场满族蒙古族自治县,130828,0314
130881_0314,,,平泉市,130881,0314
130900_0317,,,沧州市,130900,0317
130902_0317,,,新华区,130902,0317
130903_0317,,,运河区,130903,0317
130921_0317,,,沧县,130921,0317
130922_0317,,,青县,130922,0317
130923_0317,,,东光县,130923,0317
130924_0317,,,海兴县,130924,0317
130925_0317,,,盐山县,130925,0317
130926_0317,,,肃宁县,130926,0317
130927_0317,,,南皮县,130927,0317
130928_0317,,,吴桥县,130928,0317
130929_0317,,,献县,130929,0317
130930_0317,,,孟村回族自治县,130930,0317
130981_0317,,,泊头市,130981,0317
130982_0317,,,任丘市,130982,0317
130983_0317,,,黄骅市,130983,0317
130984_0317,,,河间市,130984,0317
131000_0316,,,廊坊市,131000,0316
131002_0316,,,安次区,131002,0316
131003_0316,,,广阳区,131003,0316
131022_0316,,,固安县,131022,0316
131023_0316,,,永清县,131023,0316
131024_0316,,,香河县,131024,0316
131025_0316,,,大城县,131025,0316
131026_0316,,,文安县,131026,0316
131028_0316,,,大厂回族自治县,131028,0316
131081_0316,,,霸州市,131081,0316
131082_0316,,,三河市,131082,0316
131100_0318,,,衡水市,131100,0318
131102_0318,,,桃城区,131102,0318
131103_0318,,,冀州区,131103,0318
131121_0318,,,枣强县,131121,0318
131122_0318,,,武邑县,131122,0318
131123_0318,,,武强县,131123,0318
131124_0318,,,饶阳县,131124,0318
131125_0318,,,安平县,131125,0318
131126_0318,,,故城县,131126,0318
131127_0318,,,景县,131127,0318
131128_0318,,,阜城县,131128,0318
131182_0318,,,深州市,131182,0318
140000_\N,,,山西省,140000,\N
140100_0351,,,太原市,140100,0351
140105_0351,,,小店区,140105,0351
140106_0351,,,迎泽区,140106,0351
140107_0351,,,杏花岭区,140107,0351
140108_0351,,,尖草坪区,140108,0351
140109_0351,,,万柏林区,140109,0351
140110_0351,,,晋源区,140110,0351
140121_0351,,,清徐县,140121,0351
140122_0351,,,阳曲县,140122,0351
140123_0351,,,娄烦县,140123,0351
140181_0351,,,古交市,140181,0351
140200_0352,,,大同市,140200,0352
140212_0352,,,新荣区,140212,0352
140213_0352,,,平城区,140213,0352
140214_0352,,,云冈区,140214,0352
140215_0352,,,云州区,140215,0352
140221_0352,,,阳高县,140221,0352
140222_0352,,,天镇县,140222,0352
140223_0352,,,广灵县,140223,0352
140224_0352,,,灵丘县,140224,0352
140225_0352,,,浑源县,140225,0352
140226_0352,,,左云县,140226,0352
140300_0353,,,阳泉市,140300,0353
140302_0353,,,城区,140302,0353
140303_0353,,,矿区,140303,0353
140311_0353,,,郊区,140311,0353
140321_0353,,,平定县,140321,0353
140322_0353,,,盂县,140322,0353
140400_0355,,,长治市,140400,0355
140403_0355,,,潞州区,140403,0355
140404_0355,,,上党区,140404,0355
140405_0355,,,屯留区,140405,0355
140406_0355,,,潞城区,140406,0355
140423_0355,,,襄垣县,140423,0355
140425_0355,,,平顺县,140425,0355
140426_0355,,,黎城县,140426,0355
140427_0355,,,壶关县,140427,0355
140428_0355,,,长子县,140428,0355
140429_0355,,,武乡县,140429,0355
140430_0355,,,沁县,140430,0355
140431_0355,,,沁源县,140431,0355
140500_0356,,,晋城市,140500,0356
140502_0356,,,城区,140502,0356
140521_0356,,,沁水县,140521,0356
140522_0356,,,阳城县,140522,0356
140524_0356,,,陵川县,140524,0356
140525_0356,,,泽州县,140525,0356
140581_0356,,,高平市,140581,0356
140600_0349,,,朔州市,140600,0349
140602_0349,,,朔城区,140602,0349
140603_0349,,,平鲁区,140603,0349
140621_0349,,,山阴县,140621,0349
140622_0349,,,应县,140622,0349
140623_0349,,,右玉县,140623,0349
140681_0349,,,怀仁市,140681,0349
140700_0354,,,晋中市,140700,0354
140702_0354,,,榆次区,140702,0354
140703_0354,,,太谷区,140703,0354
140721_0354,,,榆社县,140721,0354
140722_0354,,,左权县,140722,0354
140723_0354,,,和顺县,140723,0354
140724_0354,,,昔阳县,140724,0354
140725_0354,,,寿阳县,140725,0354
140727_0354,,,祁县,140727,0354
140728_0354,,,平遥县,140728,0354
140729_0354,,,灵石县,140729,0354
140781_0354,,,介休市,140781,0354
140800_0359,,,运城市,140800,0359
140802_0359,,,盐湖区,140802,0359
140821_0359,,,临猗县,140821,0359
140822_0359,,,万荣县,140822,0359
140823_0359,,,闻喜县,140823,0359
140824_0359,,,稷山县,140824,0359
140825_0359,,,新绛县,140825,0359
140826_0359,,,绛县,140826,0359
140827_0359,,,垣曲县,140827,0359
140828_0359,,,夏县,140828,0359
140829_0359,,,平陆县,140829,0359
140830_0359,,,芮城县,140830,0359
140881_0359,,,永济市,140881,0359
140882_0359,,,河津市,140882,0359
140900_0350,,,忻州市,140900,0350
140902_0350,,,忻府区,140902,0350
140921_0350,,,定襄县,140921,0350
140922_0350,,,五台县,140922,0350
140923_0350,,,代县,140923,0350
140924_0350,,,繁峙县,140924,0350
140925_0350,,,宁武县,140925,0350
140926_0350,,,静乐县,140926,0350
140927_0350,,,神池县,140927,0350
140928_0350,,,五寨县,140928,0350
140929_0350,,,岢岚县,140929,0350
140930_0350,,,河曲县,140930,0350
140931_0350,,,保德县,140931,0350
140932_0350,,,偏关县,140932,0350
140981_0350,,,原平市,140981,0350
141000_0357,,,临汾市,141000,0357
141002_0357,,,尧都区,141002,0357
141021_0357,,,曲沃县,141021,0357
141022_0357,,,翼城县,141022,0357
141023_0357,,,襄汾县,141023,0357
141024_0357,,,洪洞县,141024,0357
141025_0357,,,古县,141025,0357
141026_0357,,,安泽县,141026,0357
141027_0357,,,浮山县,141027,0357
141028_0357,,,吉县,141028,0357
141029_0357,,,乡宁县,141029,0357
141030_0357,,,大宁县,141030,0357
141031_0357,,,隰县,141031,0357
141032_0357,,,永和县,141032,0357
141033_0357,,,蒲县,141033,0357
141034_0357,,,汾西县,141034,0357
141081_0357,,,侯马市,141081,0357
141082_0357,,,霍州市,141082,0357
141100_0358,,,吕梁市,141100,0358
141102_0358,,,离石区,141102,0358
141121_0358,,,文水县,141121,0358
141122_0358,,,交城县,141122,0358
141123_0358,,,兴县,141123,0358
141124_0358,,,临县,141124,0358
141125_0358,,,柳林县,141125,0358
141126_0358,,,石楼县,141126,0358
141127_0358,,,岚县,141127,0358
141128_0358,,,方山县,141128,0358
141129_0358,,,中阳县,141129,0358
141130_0358,,,交口县,141130,0358
141181_0358,,,孝义市,141181,0358
141182_0358,,,汾阳市,141182,0358
150000_\N,,,内蒙古自治区,150000,\N
150100_0471,,,呼和浩特市,150100,0471
150102_0471,,,新城区,150102,0471
150103_0471,,,回民区,150103,0471
150104_0471,,,玉泉区,150104,0471
150105_0471,,,赛罕区,150105,0471
150121_0471,,,土默特左旗,150121,0471
150122_0471,,,托克托县,150122,0471
150123_0471,,,和林格尔县,150123,0471
150124_0471,,,清水河县,150124,0471
150125_0471,,,武川县,150125,0471
150200_0472,,,包头市,150200,0472
150202_0472,,,东河区,150202,0472
150203_0472,,,昆都仑区,150203,0472
150204_0472,,,青山区,150204,0472
150205_0472,,,石拐区,150205,0472
150206_0472,,,白云鄂博矿区,150206,0472
150207_0472,,,九原区,150207,0472
150221_0472,,,土默特右旗,150221,0472
150222_0472,,,固阳县,150222,0472
150223_0472,,,达尔罕茂明安联合旗,150223,0472
150300_0473,,,乌海市,150300,0473
150302_0473,,,海勃湾区,150302,0473
150303_0473,,,海南区,150303,0473
150304_0473,,,乌达区,150304,0473
150400_0476,,,赤峰市,150400,0476
150402_0476,,,红山区,150402,0476
150403_0476,,,元宝山区,150403,0476
150404_0476,,,松山区,150404,0476
150421_0476,,,阿鲁科尔沁旗,150421,0476
150422_0476,,,巴林左旗,150422,0476
150423_0476,,,巴林右旗,150423,0476
150424_0476,,,林西县,150424,0476
150425_0476,,,克什克腾旗,150425,0476
150426_0476,,,翁牛特旗,150426,0476
150428_0476,,,喀喇沁旗,150428,0476
150429_0476,,,宁城县,150429,0476
150430_0476,,,敖汉旗,150430,0476
150500_0475,,,通辽市,150500,0475
150502_0475,,,科尔沁区,150502,0475
150521_0475,,,科尔沁左翼中旗,150521,0475
150522_0475,,,科尔沁左翼后旗,150522,0475
150523_0475,,,开鲁县,150523,0475
150524_0475,,,库伦旗,150524,0475
150525_0475,,,奈曼旗,150525,0475
150526_0475,,,扎鲁特旗,150526,0475
150581_0475,,,霍林郭勒市,150581,0475
150600_0477,,,鄂尔多斯市,150600,0477
150602_0477,,,东胜区,150602,0477
150603_0477,,,康巴什区,150603,0477
150621_0477,,,达拉特旗,150621,0477
150622_0477,,,准格尔旗,150622,0477
150623_0477,,,鄂托克前旗,150623,0477
150624_0477,,,鄂托克旗,150624,0477
150625_0477,,,杭锦旗,150625,0477
150626_0477,,,乌审旗,150626,0477
150627_0477,,,伊金霍洛旗,150627,0477
150700_0470,,,呼伦贝尔市,150700,0470
150702_0470,,,海拉尔区,150702,0470
150703_0470,,,扎赉诺尔区,150703,0470
150721_0470,,,阿荣旗,150721,0470
150722_0470,,,莫力达瓦达斡尔族自治旗,150722,0470
150723_0470,,,鄂伦春自治旗,150723,0470
150724_0470,,,鄂温克族自治旗,150724,0470
150725_0470,,,陈巴尔虎旗,150725,0470
150726_0470,,,新巴尔虎左旗,150726,0470
150727_0470,,,新巴尔虎右旗,150727,0470
150781_0470,,,满洲里市,150781,0470
150782_0470,,,牙克石市,150782,0470
150783_0470,,,扎兰屯市,150783,0470
150784_0470,,,额尔古纳市,150784,0470
150785_0470,,,根河市,150785,0470
150800_0478,,,巴彦淖尔市,150800,0478
150802_0478,,,临河区,150802,0478
150821_0478,,,五原县,150821,0478
150822_0478,,,磴口县,150822,0478
150823_0478,,,乌拉特前旗,150823,0478
150824_0478,,,乌拉特中旗,150824,0478
150825_0478,,,乌拉特后旗,150825,0478
150826_0478,,,杭锦后旗,150826,0478
150900_0474,,,乌兰察布市,150900,0474
150902_0474,,,集宁区,150902,0474
150921_0474,,,卓资县,150921,0474
150922_0474,,,化德县,150922,0474
150923_0474,,,商都县,150923,0474
150924_0474,,,兴和县,150924,0474
150925_0474,,,凉城县,150925,0474
150926_0474,,,察哈尔右翼前旗,150926,0474
150927_0474,,,察哈尔右翼中旗,150927,0474
150928_0474,,,察哈尔右翼后旗,150928,0474
150929_0474,,,四子王旗,150929,0474
150981_0474,,,丰镇市,150981,0474
152200_0482,,,兴安盟,152200,0482
152201_0482,,,乌兰浩特市,152201,0482
152202_0482,,,阿尔山市,152202,0482
152221_0482,,,科尔沁右翼前旗,152221,0482
152222_0482,,,科尔沁右翼中旗,152222,0482
152223_0482,,,扎赉特旗,152223,0482
152224_0482,,,突泉县,152224,0482
152500_0479,,,锡林郭勒盟,152500,0479
152501_0479,,,二连浩特市,152501,0479
152502_0479,,,锡林浩特市,152502,0479
152522_0479,,,阿巴嘎旗,152522,0479
152523_0479,,,苏尼特左旗,152523,0479
152524_0479,,,苏尼特右旗,152524,0479
152525_0479,,,东乌珠穆沁旗,152525,0479
152526_0479,,,西乌珠穆沁旗,152526,0479
152527_0479,,,太仆寺旗,152527,0479
152528_0479,,,镶黄旗,152528,0479
152529_0479,,,正镶白旗,152529,0479
152530_0479,,,正蓝旗,152530,0479
152531_0479,,,多伦县,152531,0479
152900_0483,,,阿拉善盟,152900,0483
152921_0483,,,阿拉善左旗,152921,0483
152922_0483,,,阿拉善右旗,152922,0483
152923_0483,,,额济纳旗,152923,0483
210000_\N,,,辽宁省,210000,\N
210100_024,,,沈阳市,210100,024
210102_024,,,和平区,210102,024
210103_024,,,沈河区,210103,024
210104_024,,,大东区,210104,024
210105_024,,,皇姑区,210105,024
210106_024,,,铁西区,210106,024
210111_024,,,苏家屯区,210111,024
210112_024,,,浑南区,210112,024
210113_024,,,沈北新区,210113,024
210114_024,,,于洪区,210114,024
210115_024,,,辽中区,210115,024
210123_024,,,康平县,210123,024
210124_024,,,法库县,210124,024
210181_024,,,新民市,210181,024
210200_0411,,,大连市,210200,0411
210202_0411,,,中山区,210202,0411
210203_0411,,,西岗区,210203,0411
210204_0411,,,沙河口区,210204,0411
210211_0411,,,甘井子区,210211,0411
210212_0411,,,旅顺口区,210212,0411
210213_0411,,,金州区,210213,0411
210214_0411,,,普兰店区,210214,0411
210224_0411,,,长海县,210224,0411
210281_0411,,,瓦房店市,210281,0411
210283_0411,,,庄河市,210283,0411
210300_0412,,,鞍山市,210300,0412
210302_0412,,,铁东区,210302,0412
210303_0412,,,铁西区,210303,0412
210304_0412,,,立山区,210304,0412
210311_0412,,,千山区,210311,0412
210321_0412,,,台安县,210321,0412
210323_0412,,,岫岩满族自治县,210323,0412
210381_0412,,,海城市,210381,0412
210400_0413,,,抚顺市,210400,0413
210402_0413,,,新抚区,210402,0413
210403_0413,,,东洲区,210403,0413
210404_0413,,,望花区,210404,0413
210411_0413,,,顺城区,210411,0413
210421_0413,,,抚顺县,210421,0413
210422_0413,,,新宾满族自治县,210422,0413
210423_0413,,,清原满族自治县,210423,0413
210500_0414,,,本溪市,210500,0414
210502_0414,,,平山区,210502,0414
210503_0414,,,溪湖区,210503,0414
210504_0414,,,明山区,210504,0414
210505_0414,,,南芬区,210505,0414
210521_0414,,,本溪满族自治县,210521,0414
210522_0414,,,桓仁满族自治县,210522,0414
210600_0415,,,丹东市,210600,0415
210602_0415,,,元宝区,210602,0415
210603_0415,,,振兴区,210603,0415
210604_0415,,,振安区,210604,0415
210624_0415,,,宽甸满族自治县,210624,0415
210681_0415,,,东港市,210681,0415
210682_0415,,,凤城市,210682,0415
210700_0416,,,锦州市,210700,0416
210702_0416,,,古塔区,210702,0416
210703_0416,,,凌河区,210703,0416
210711_0416,,,太和区,210711,0416
210726_0416,,,黑山县,210726,0416
210727_0416,,,义县,210727,0416
210781_0416,,,凌海市,210781,0416
210782_0416,,,北镇市,210782,0416
210800_0417,,,营口市,210800,0417
210802_0417,,,站前区,210802,0417
210803_0417,,,西市区,210803,0417
210804_0417,,,鲅鱼圈区,210804,0417
210811_0417,,,老边区,210811,0417
210881_0417,,,盖州市,210881,0417
210882_0417,,,大石桥市,210882,0417
210900_0418,,,阜新市,210900,0418
210902_0418,,,海州区,210902,0418
210903_0418,,,新邱区,210903,0418
210904_0418,,,太平区,210904,0418
210905_0418,,,清河门区,210905,0418
210911_0418,,,细河区,210911,0418
210921_0418,,,阜新蒙古族自治县,210921,0418
210922_0418,,,彰武县,210922,0418
211000_0419,,,辽阳市,211000,0419
211002_0419,,,白塔区,211002,0419
211003_0419,,,文圣区,211003,0419
211004_0419,,,宏伟区,211004,0419
211005_0419,,,弓长岭区,211005,0419
211011_0419,,,太子河区,211011,0419
211021_0419,,,辽阳县,211021,0419
211081_0419,,,灯塔市,211081,0419
211100_0427,,,盘锦市,211100,0427
211102_0427,,,双台子区,211102,0427
211103_0427,,,兴隆台区,211103,0427
211104_0427,,,大洼区,211104,0427
211122_0427,,,盘山县,211122,0427
211200_0410,,,铁岭市,211200,0410
211202_0410,,,银州区,211202,0410
211204_0410,,,清河区,211204,0410
211221_0410,,,铁岭县,211221,0410
211223_0410,,,西丰县,211223,0410
211224_0410,,,昌图县,211224,0410
211281_0410,,,调兵山市,211281,0410
211282_0410,,,开原市,211282,0410
211300_0421,,,朝阳市,211300,0421
211302_0421,,,双塔区,211302,0421
211303_0421,,,龙城区,211303,0421
211321_0421,,,朝阳县,211321,0421
211322_0421,,,建平县,211322,0421
211324_0421,,,喀喇沁左翼蒙古族自治县,211324,0421
211381_0421,,,北票市,211381,0421
211382_0421,,,凌源市,211382,0421
211400_0429,,,葫芦岛市,211400,0429
211402_0429,,,连山区,211402,0429
211403_0429,,,龙港区,211403,0429
211404_0429,,,南票区,211404,0429
211421_0429,,,绥中县,211421,0429
211422_0429,,,建昌县,211422,0429
211481_0429,,,兴城市,211481,0429
220000_\N,,,吉林省,220000,\N
220100_0431,,,长春市,220100,0431
220102_0431,,,南关区,220102,0431
220103_0431,,,宽城区,220103,0431
220104_0431,,,朝阳区,220104,0431
220105_0431,,,二道区,220105,0431
220106_0431,,,绿园区,220106,0431
220112_0431,,,双阳区,220112,0431
220113_0431,,,九台区,220113,0431
220122_0431,,,农安县,220122,0431
220182_0431,,,榆树市,220182,0431
220183_0431,,,德惠市,220183,0431
220184_0431,,,公主岭市,220184,0431
220200_0432,,,吉林市,220200,0432
220202_0432,,,昌邑区,220202,0432
220203_0432,,,龙潭区,220203,0432
220204_0432,,,船营区,220204,0432
220211_0432,,,丰满区,220211,0432
220221_0432,,,永吉县,220221,0432
220281_0432,,,蛟河市,220281,0432
220282_0432,,,桦甸市,220282,0432
220283_0432,,,舒兰市,220283,0432
220284_0432,,,磐石市,220284,0432
220300_0434,,,四平市,220300,0434
220302_0434,,,铁西区,220302,0434
220303_0434,,,铁东区,220303,0434
220322_0434,,,梨树县,220322,0434
220323_0434,,,伊通满族自治县,220323,0434
220382_0434,,,双辽市,220382,0434
220400_0437,,,辽源市,220400,0437
220402_0437,,,龙山区,220402,0437
220403_0437,,,西安区,220403,0437
220421_0437,,,东丰县,220421,0437
220422_0437,,,东辽县,220422,0437
220500_0435,,,通化市,220500,0435
220502_0435,,,东昌区,220502,0435
220503_0435,,,二道江区,220503,0435
220521_0435,,,通化县,220521,0435
220523_0435,,,辉南县,220523,0435
220524_0435,,,柳河县,220524,0435
220581_0435,,,梅河口市,220581,0435
220582_0435,,,集安市,220582,0435
220600_0439,,,白山市,220600,0439
220602_0439,,,浑江区,220602,0439
220605_0439,,,江源区,220605,0439
220621_0439,,,抚松县,220621,0439
220622_0439,,,靖宇县,220622,0439
220623_0439,,,长白朝鲜族自治县,220623,0439
220681_0439,,,临江市,220681,0439
220700_0438,,,松原市,220700,0438
220702_0438,,,宁江区,220702,0438
220721_0438,,,前郭尔罗斯蒙古族自治县,220721,0438
220722_0438,,,长岭县,220722,0438
220723_0438,,,乾安县,220723,0438
220781_0438,,,扶余市,220781,0438
220800_0436,,,白城市,220800,0436
220802_0436,,,洮北区,220802,0436
220821_0436,,,镇赉县,220821,0436
220822_0436,,,通榆县,220822,0436
220881_0436,,,洮南市,220881,0436
220882_0436,,,大安市,220882,0436
222400_1433,,,延边朝鲜族自治州,222400,1433
222401_1433,,,延吉市,222401,1433
222402_1433,,,图们市,222402,1433
222403_1433,,,敦化市,222403,1433
222404_1433,,,珲春市,222404,1433
222405_1433,,,龙井市,222405,1433
222406_1433,,,和龙市,222406,1433
222424_1433,,,汪清县,222424,1433
222426_1433,,,安图县,222426,1433
230000_\N,,,黑龙江省,230000,\N
230100_0451,,,哈尔滨市,230100,0451
230102_0451,,,道里区,230102,0451
230103_0451,,,南岗区,230103,0451
230104_0451,,,道外区,230104,0451
230108_0451,,,平房区,230108,0451
230109_0451,,,松北区,230109,0451
230110_0451,,,香坊区,230110,0451
230111_0451,,,呼兰区,230111,0451
230112_0451,,,阿城区,230112,0451
230113_0451,,,双城区,230113,0451
230123_0451,,,依兰县,230123,0451
230124_0451,,,方正县,230124,0451
230125_0451,,,宾县,230125,0451
230126_0451,,,巴彦县,230126,0451
230127_0451,,,木兰县,230127,0451
230128_0451,,,通河县,230128,0451
230129_0451,,,延寿县,230129,0451
230183_0451,,,尚志市,230183,0451
230184_0451,,,五常市,230184,0451
230200_0452,,,齐齐哈尔市,230200,0452
230202_0452,,,龙沙区,230202,0452
230203_0452,,,建华区,230203,0452
230204_0452,,,铁锋区,230204,0452
230205_0452,,,昂昂溪区,230205,0452
230206_0452,,,富拉尔基区,230206,0452
230207_0452,,,碾子山区,230207,0452
230208_0452,,,梅里斯达斡尔族区,230208,0452
230221_0452,,,龙江县,230221,0452
230223_0452,,,依安县,230223,0452
230224_0452,,,泰来县,230224,0452
230225_0452,,,甘南县,230225,0452
230227_0452,,,富裕县,230227,0452
230229_0452,,,克山县,230229,0452
230230_0452,,,克东县,230230,0452
230231_0452,,,拜泉县,230231,0452
230281_0452,,,讷河市,230281,0452
230300_0467,,,鸡西市,230300,0467
230302_0467,,,鸡冠区,230302,0467
230303_0467,,,恒山区,230303,0467
230304_0467,,,滴道区,230304,0467
230305_0467,,,梨树区,230305,0467
230306_0467,,,城子河区,230306,0467
230307_0467,,,麻山区,230307,0467
230321_0467,,,鸡东县,230321,0467
230381_0467,,,虎林市,230381,0467
230382_0467,,,密山市,230382,0467
230400_0468,,,鹤岗市,230400,0468
230402_0468,,,向阳区,230402,0468
230403_0468,,,工农区,230403,0468
230404_0468,,,南山区,230404,0468
230405_0468,,,兴安区,230405,0468
230406_0468,,,东山区,230406,0468
230407_0468,,,兴山区,230407,0468
230421_0468,,,萝北县,230421,0468
230422_0468,,,绥滨县,230422,0468
230500_0469,,,双鸭山市,230500,0469
230502_0469,,,尖山区,230502,0469
230503_0469,,,岭东区,230503,0469
230505_0469,,,四方台区,230505,0469
230506_0469,,,宝山区,230506,0469
230521_0469,,,集贤县,230521,0469
230522_0469,,,友谊县,230522,0469
230523_0469,,,宝清县,230523,0469
230524_0469,,,饶河县,230524,0469
230600_0459,,,大庆市,230600,0459
230602_0459,,,萨尔图区,230602,0459
230603_0459,,,龙凤区,230603,0459
230604_0459,,,让胡路区,230604,0459
230605_0459,,,红岗区,230605,0459
230606_0459,,,大同区,230606,0459
230621_0459,,,肇州县,230621,0459
230622_0459,,,肇源县,230622,0459
230623_0459,,,林甸县,230623,0459
230624_0459,,,杜尔伯特蒙古族自治县,230624,0459
230700_0458,,,伊春市,230700,0458
230717_0458,,,伊美区,230717,0458
230718_0458,,,乌翠区,230718,0458
230719_0458,,,友好区,230719,0458
230722_0458,,,嘉荫县,230722,0458
230723_0458,,,汤旺县,230723,0458
230724_0458,,,丰林县,230724,0458
230725_0458,,,大箐山县,230725,0458
230726_0458,,,南岔县,230726,0458
230751_0458,,,金林区,230751,0458
230781_0458,,,铁力市,230781,0458
230800_0454,,,佳木斯市,230800,0454
230803_0454,,,向阳区,230803,0454
230804_0454,,,前进区,230804,0454
230805_0454,,,东风区,230805,0454
230811_0454,,,郊区,230811,0454
230822_0454,,,桦南县,230822,0454
230826_0454,,,桦川县,230826,0454
230828_0454,,,汤原县,230828,0454
230881_0454,,,同江市,230881,0454
230882_0454,,,富锦市,230882,0454
230883_0454,,,抚远市,230883,0454
230900_0464,,,七台河市,230900,0464
230902_0464,,,新兴区,230902,0464
230903_0464,,,桃山区,230903,0464
230904_0464,,,茄子河区,230904,0464
230921_0464,,,勃利县,230921,0464
231000_0453,,,牡丹江市,231000,0453
231002_0453,,,东安区,231002,0453
231003_0453,,,阳明区,231003,0453
231004_0453,,,爱民区,231004,0453
231005_0453,,,西安区,231005,0453
231025_0453,,,林口县,231025,0453
231081_0453,,,绥芬河市,231081,0453
231083_0453,,,海林市,231083,0453
231084_0453,,,宁安市,231084,0453
231085_0453,,,穆棱市,231085,0453
231086_0453,,,东宁市,231086,0453
231100_0456,,,黑河市,231100,0456
231102_0456,,,爱辉区,231102,0456
231123_0456,,,逊克县,231123,0456
231124_0456,,,孙吴县,231124,0456
231181_0456,,,北安市,231181,0456
231182_0456,,,五大连池市,231182,0456
231183_0456,,,嫩江市,231183,0456
231200_0455,,,绥化市,231200,0455
231202_0455,,,北林区,231202,0455
231221_0455,,,望奎县,231221,0455
231222_0455,,,兰西县,231222,0455
231223_0455,,,青冈县,231223,0455
231224_0455,,,庆安县,231224,0455
231225_0455,,,明水县,231225,0455
231226_0455,,,绥棱县,231226,0455
231281_0455,,,安达市,231281,0455
231282_0455,,,肇东市,231282,0455
231283_0455,,,海伦市,231283,0455
232700_0457,,,大兴安岭地区,232700,0457
232701_0457,,,漠河市,232701,0457
232718_0457,,,加格达奇区,232718,0457
232721_0457,,,呼玛县,232721,0457
232722_0457,,,塔河县,232722,0457
310000_021,,,上海市,310000,021
310101_021,,,黄浦区,310101,021
310104_021,,,徐汇区,310104,021
310105_021,,,长宁区,310105,021
310106_021,,,静安区,310106,021
310107_021,,,普陀区,310107,021
310109_021,,,虹口区,310109,021
310110_021,,,杨浦区,310110,021
310112_021,,,闵行区,310112,021
310113_021,,,宝山区,310113,021
310114_021,,,嘉定区,310114,021
310115_021,,,浦东新区,310115,021
310116_021,,,金山区,310116,021
310117_021,,,松江区,310117,021
310118_021,,,青浦区,310118,021
310120_021,,,奉贤区,310120,021
310151_021,,,崇明区,310151,021
320000_\N,,,江苏省,320000,\N
320100_025,,,南京市,320100,025
320102_025,,,玄武区,320102,025
320104_025,,,秦淮区,320104,025
320105_025,,,建邺区,320105,025
320106_025,,,鼓楼区,320106,025
320111_025,,,浦口区,320111,025
320113_025,,,栖霞区,320113,025
320114_025,,,雨花台区,320114,025
320115_025,,,江宁区,320115,025
320116_025,,,六合区,320116,025
320117_025,,,溧水区,320117,025
320118_025,,,高淳区,320118,025
320200_0510,,,无锡市,320200,0510
320205_0510,,,锡山区,320205,0510
320206_0510,,,惠山区,320206,0510
320211_0510,,,滨湖区,320211,0510
320213_0510,,,梁溪区,320213,0510
320214_0510,,,新吴区,320214,0510
320281_0510,,,江阴市,320281,0510
320282_0510,,,宜兴市,320282,0510
320300_0516,,,徐州市,320300,0516
320302_0516,,,鼓楼区,320302,0516
320303_0516,,,云龙区,320303,0516
320305_0516,,,贾汪区,320305,0516
320311_0516,,,泉山区,320311,0516
320312_0516,,,铜山区,320312,0516
320321_0516,,,丰县,320321,0516
320322_0516,,,沛县,320322,0516
320324_0516,,,睢宁县,320324,0516
320381_0516,,,新沂市,320381,0516
320382_0516,,,邳州市,320382,0516
320400_0519,,,常州市,320400,0519
320402_0519,,,天宁区,320402,0519
320404_0519,,,钟楼区,320404,0519
320411_0519,,,新北区,320411,0519
320412_0519,,,武进区,320412,0519
320413_0519,,,金坛区,320413,0519
320481_0519,,,溧阳市,320481,0519
320500_0512,,,苏州市,320500,0512
320505_0512,,,虎丘区,320505,0512
320506_0512,,,吴中区,320506,0512
320507_0512,,,相城区,320507,0512
320508_0512,,,姑苏区,320508,0512
320509_0512,,,吴江区,320509,0512
320581_0512,,,常熟市,320581,0512
320582_0512,,,张家港市,320582,0512
320583_0512,,,昆山市,320583,0512
320585_0512,,,太仓市,320585,0512
320600_0513,,,南通市,320600,0513
320612_0513,,,通州区,320612,0513
320613_0513,,,崇川区,320613,0513
320614_0513,,,海门区,320614,0513
320623_0513,,,如东县,320623,0513
320681_0513,,,启东市,320681,0513
320682_0513,,,如皋市,320682,0513
320685_0513,,,海安市,320685,0513
320700_0518,,,连云港市,320700,0518
320703_0518,,,连云区,320703,0518
320706_0518,,,海州区,320706,0518
320707_0518,,,赣榆区,320707,0518
320722_0518,,,东海县,320722,0518
320723_0518,,,灌云县,320723,0518
320724_0518,,,灌南县,320724,0518
320800_0517,,,淮安市,320800,0517
320803_0517,,,淮安区,320803,0517
320804_0517,,,淮阴区,320804,0517
320812_0517,,,清江浦区,320812,0517
320813_0517,,,洪泽区,320813,0517
320826_0517,,,涟水县,320826,0517
320830_0517,,,盱眙县,320830,0517
320831_0517,,,金湖县,320831,0517
320900_0515,,,盐城市,320900,0515
320902_0515,,,亭湖区,320902,0515
320903_0515,,,盐都区,320903,0515
320904_0515,,,大丰区,320904,0515
320921_0515,,,响水县,320921,0515
320922_0515,,,滨海县,320922,0515
320923_0515,,,阜宁县,320923,0515
320924_0515,,,射阳县,320924,0515
320925_0515,,,建湖县,320925,0515
320981_0515,,,东台市,320981,0515
321000_0514,,,扬州市,321000,0514
321002_0514,,,广陵区,321002,0514
321003_0514,,,邗江区,321003,0514
321012_0514,,,江都区,321012,0514
321023_0514,,,宝应县,321023,0514
321081_0514,,,仪征市,321081,0514
321084_0514,,,高邮市,321084,0514
321100_0511,,,镇江市,321100,0511
321102_0511,,,京口区,321102,0511
321111_0511,,,润州区,321111,0511
321112_0511,,,丹徒区,321112,0511
321181_0511,,,丹阳市,321181,0511
321182_0511,,,扬中市,321182,0511
321183_0511,,,句容市,321183,0511
321200_0523,,,泰州市,321200,0523
321202_0523,,,海陵区,321202,0523
321203_0523,,,高港区,321203,0523
321204_0523,,,姜堰区,321204,0523
321281_0523,,,兴化市,321281,0523
321282_0523,,,靖江市,321282,0523
321283_0523,,,泰兴市,321283,0523
321300_0527,,,宿迁市,321300,0527
321302_0527,,,宿城区,321302,0527
321311_0527,,,宿豫区,321311,0527
321322_0527,,,沭阳县,321322,0527
321323_0527,,,泗阳县,321323,0527
321324_0527,,,泗洪县,321324,0527
330000_\N,,,浙江省,330000,\N
330100_0571,,,杭州市,330100,0571
330102_0571,,,上城区,330102,0571
330105_0571,,,拱墅区,330105,0571
330106_0571,,,西湖区,330106,0571
330108_0571,,,滨江区,330108,0571
330109_0571,,,萧山区,330109,0571
330110_0571,,,余杭区,330110,0571
330111_0571,,,富阳区,330111,0571
330112_0571,,,临安区,330112,0571
330113_0571,,,临平区,330113,0571
330114_0571,,,钱塘区,330114,0571
330122_0571,,,桐庐县,330122,0571
330127_0571,,,淳安县,330127,0571
330182_0571,,,建德市,330182,0571
330200_0574,,,宁波市,330200,0574
330203_0574,,,海曙区,330203,0574
330205_0574,,,江北区,330205,0574
330206_0574,,,北仑区,330206,0574
330211_0574,,,镇海区,330211,0574
330212_0574,,,鄞州区,330212,0574
330213_0574,,,奉化区,330213,0574
330225_0574,,,象山县,330225,0574
330226_0574,,,宁海县,330226,0574
330281_0574,,,余姚市,330281,0574
330282_0574,,,慈溪市,330282,0574
330300_0577,,,温州市,330300,0577
330302_0577,,,鹿城区,330302,0577
330303_0577,,,龙湾区,330303,0577
330304_0577,,,瓯海区,330304,0577
330305_0577,,,洞头区,330305,0577
330324_0577,,,永嘉县,330324,0577
330326_0577,,,平阳县,330326,0577
330327_0577,,,苍南县,330327,0577
330328_0577,,,文成县,330328,0577
330329_0577,,,泰顺县,330329,0577
330381_0577,,,瑞安市,330381,0577
330382_0577,,,乐清市,330382,0577
330383_0577,,,龙港市,330383,0577
330400_0573,,,嘉兴市,330400,0573
330402_0573,,,南湖区,330402,0573
330411_0573,,,秀洲区,330411,0573
330421_0573,,,嘉善县,330421,0573
330424_0573,,,海盐县,330424,0573
330481_0573,,,海宁市,330481,0573
330482_0573,,,平湖市,330482,0573
330483_0573,,,桐乡市,330483,0573
330500_0572,,,湖州市,330500,0572
330502_0572,,,吴兴区,330502,0572
330503_0572,,,南浔区,330503,0572
330521_0572,,,德清县,330521,0572
330522_0572,,,长兴县,330522,0572
330523_0572,,,安吉县,330523,0572
330600_0575,,,绍兴市,330600,0575
330602_0575,,,越城区,330602,0575
330603_0575,,,柯桥区,330603,0575
330604_0575,,,上虞区,330604,0575
330624_0575,,,新昌县,330624,0575
330681_0575,,,诸暨市,330681,0575
330683_0575,,,嵊州市,330683,0575
330700_0579,,,金华市,330700,0579
330702_0579,,,婺城区,330702,0579
330703_0579,,,金东区,330703,0579
330723_0579,,,武义县,330723,0579
330726_0579,,,浦江县,330726,0579
330727_0579,,,磐安县,330727,0579
330781_0579,,,兰溪市,330781,0579
330782_0579,,,义乌市,330782,0579
330783_0579,,,东阳市,330783,0579
330784_0579,,,永康市,330784,0579
330800_0570,,,衢州市,330800,0570
330802_0570,,,柯城区,330802,0570
330803_0570,,,衢江区,330803,0570
330822_0570,,,常山县,330822,0570
330824_0570,,,开化县,330824,0570
330825_0570,,,龙游县,330825,0570
330881_0570,,,江山市,330881,0570
330900_0580,,,舟山市,330900,0580
330902_0580,,,定海区,330902,0580
330903_0580,,,普陀区,330903,0580
330921_0580,,,岱山县,330921,0580
330922_0580,,,嵊泗县,330922,0580
331000_0576,,,台州市,331000,0576
331002_0576,,,椒江区,331002,0576
331003_0576,,,黄岩区,331003,0576
331004_0576,,,路桥区,331004,0576
331022_0576,,,三门县,331022,0576
331023_0576,,,天台县,331023,0576
331024_0576,,,仙居县,331024,0576
331081_0576,,,温岭市,331081,0576
331082_0576,,,临海市,331082,0576
331083_0576,,,玉环市,331083,0576
331100_0578,,,丽水市,331100,0578
331102_0578,,,莲都区,331102,0578
331121_0578,,,青田县,331121,0578
331122_0578,,,缙云县,331122,0578
331123_0578,,,遂昌县,331123,0578
331124_0578,,,松阳县,331124,0578
331125_0578,,,云和县,331125,0578
331126_0578,,,庆元县,331126,0578
331127_0578,,,景宁畲族自治县,331127,0578
331181_0578,,,龙泉市,331181,0578
340000_\N,,,安徽省,340000,\N
340100_0551,,,合肥市,340100,0551
340102_0551,,,瑶海区,340102,0551
340103_0551,,,庐阳区,340103,0551
340104_0551,,,蜀山区,340104,0551
340111_0551,,,包河区,340111,0551
340121_0551,,,长丰县,340121,0551
340122_0551,,,肥东县,340122,0551
340123_0551,,,肥西县,340123,0551
340124_0551,,,庐江县,340124,0551
340181_0551,,,巢湖市,340181,0551
340200_0553,,,芜湖市,340200,0553
340202_0553,,,镜湖区,340202,0553
340207_0553,,,鸠江区,340207,0553
340209_0553,,,弋江区,340209,0553
340210_0553,,,湾沚区,340210,0553
340212_0553,,,繁昌区,340212,0553
340223_0553,,,南陵县,340223,0553
340281_0553,,,无为市,340281,0553
340300_0552,,,蚌埠市,340300,0552
340302_0552,,,龙子湖区,340302,0552
340303_0552,,,蚌山区,340303,0552
340304_0552,,,禹会区,340304,0552
340311_0552,,,淮上区,340311,0552
340321_0552,,,怀远县,340321,0552
340322_0552,,,五河县,340322,0552
340323_0552,,,固镇县,340323,0552
340400_0554,,,淮南市,340400,0554
340402_0554,,,大通区,340402,0554
340403_0554,,,田家庵区,340403,0554
340404_0554,,,谢家集区,340404,0554
340405_0554,,,八公山区,340405,0554
340406_0554,,,潘集区,340406,0554
340421_0554,,,凤台县,340421,0554
340422_0554,,,寿县,340422,0554
340500_0555,,,马鞍山市,340500,0555
340503_0555,,,花山区,340503,0555
340504_0555,,,雨山区,340504,0555
340506_0555,,,博望区,340506,0555
340521_0555,,,当涂县,340521,0555
340522_0555,,,含山县,340522,0555
340523_0555,,,和县,340523,0555
340600_0561,,,淮北市,340600,0561
340602_0561,,,杜集区,340602,0561
340603_0561,,,相山区,340603,0561
340604_0561,,,烈山区,340604,0561
340621_0561,,,濉溪县,340621,0561
340700_0562,,,铜陵市,340700,0562
340705_0562,,,铜官区,340705,0562
340706_0562,,,义安区,340706,0562
340711_0562,,,郊区,340711,0562
340722_0562,,,枞阳县,340722,0562
340800_0556,,,安庆市,340800,0556
340802_0556,,,迎江区,340802,0556
340803_0556,,,大观区,340803,0556
340811_0556,,,宜秀区,340811,0556
340822_0556,,,怀宁县,340822,0556
340825_0556,,,太湖县,340825,0556
340826_0556,,,宿松县,340826,0556
340827_0556,,,望江县,340827,0556
340828_0556,,,岳西县,340828,0556
340881_0556,,,桐城市,340881,0556
340882_0556,,,潜山市,340882,0556
341000_0559,,,黄山市,341000,0559
341002_0559,,,屯溪区,341002,0559
341003_0559,,,黄山区,341003,0559
341004_0559,,,徽州区,341004,0559
341021_0559,,,歙县,341021,0559
341022_0559,,,休宁县,341022,0559
341023_0559,,,黟县,341023,0559
341024_0559,,,祁门县,341024,0559
341100_0550,,,滁州市,341100,0550
341102_0550,,,琅琊区,341102,0550
341103_0550,,,南谯区,341103,0550
341122_0550,,,来安县,341122,0550
341124_0550,,,全椒县,341124,0550
341125_0550,,,定远县,341125,0550
341126_0550,,,凤阳县,341126,0550
341181_0550,,,天长市,341181,0550
341182_0550,,,明光市,341182,0550
341200_1558,,,阜阳市,341200,1558
341202_1558,,,颍州区,341202,1558
341203_1558,,,颍东区,341203,1558
341204_1558,,,颍泉区,341204,1558
341221_1558,,,临泉县,341221,1558
341222_1558,,,太和县,341222,1558
341225_1558,,,阜南县,341225,1558
341226_1558,,,颍上县,341226,1558
341282_1558,,,界首市,341282,1558
341300_0557,,,宿州市,341300,0557
341302_0557,,,埇桥区,341302,0557
341321_0557,,,砀山县,341321,0557
341322_0557,,,萧县,341322,0557
341323_0557,,,灵璧县,341323,0557
341324_0557,,,泗县,341324,0557
341500_0564,,,六安市,341500,0564
341502_0564,,,金安区,341502,0564
341503_0564,,,裕安区,341503,0564
341504_0564,,,叶集区,341504,0564
341522_0564,,,霍邱县,341522,0564
341523_0564,,,舒城县,341523,0564
341524_0564,,,金寨县,341524,0564
341525_0564,,,霍山县,341525,0564
341600_0558,,,亳州市,341600,0558
341602_0558,,,谯城区,341602,0558
341621_0558,,,涡阳县,341621,0558
341622_0558,,,蒙城县,341622,0558
341623_0558,,,利辛县,341623,0558
341700_0566,,,池州市,341700,0566
341702_0566,,,贵池区,341702,0566
341721_0566,,,东至县,341721,0566
341722_0566,,,石台县,341722,0566
341723_0566,,,青阳县,341723,0566
341800_0563,,,宣城市,341800,0563
341802_0563,,,宣州区,341802,0563
341821_0563,,,郎溪县,341821,0563
341823_0563,,,泾县,341823,0563
341824_0563,,,绩溪县,341824,0563
341825_0563,,,旌德县,341825,0563
341881_0563,,,宁国市,341881,0563
341882_0563,,,广德市,341882,0563
350000_\N,,,福建省,350000,\N
350100_0591,,,福州市,350100,0591
350102_0591,,,鼓楼区,350102,0591
350103_0591,,,台江区,350103,0591
350104_0591,,,仓山区,350104,0591
350105_0591,,,马尾区,350105,0591
350111_0591,,,晋安区,350111,0591
350112_0591,,,长乐区,350112,0591
350121_0591,,,闽侯县,350121,0591
350122_0591,,,连江县,350122,0591
350123_0591,,,罗源县,350123,0591
350124_0591,,,闽清县,350124,0591
350125_0591,,,永泰县,350125,0591
350128_0591,,,平潭县,350128,0591
350181_0591,,,福清市,350181,0591
350200_0592,,,厦门市,350200,0592
350203_0592,,,思明区,350203,0592
350205_0592,,,海沧区,350205,0592
350206_0592,,,湖里区,350206,0592
350211_0592,,,集美区,350211,0592
350212_0592,,,同安区,350212,0592
350213_0592,,,翔安区,350213,0592
350300_0594,,,莆田市,350300,0594
350302_0594,,,城厢区,350302,0594
350303_0594,,,涵江区,350303,0594
350304_0594,,,荔城区,350304,0594
350305_0594,,,秀屿区,350305,0594
350322_0594,,,仙游县,350322,0594
350400_0598,,,三明市,350400,0598
350404_0598,,,三元区,350404,0598
350405_0598,,,沙县区,350405,0598
350421_0598,,,明溪县,350421,0598
350423_0598,,,清流县,350423,0598
350424_0598,,,宁化县,350424,0598
350425_0598,,,大田县,350425,0598
350426_0598,,,尤溪县,350426,0598
350428_0598,,,将乐县,350428,0598
350429_0598,,,泰宁县,350429,0598
350430_0598,,,建宁县,350430,0598
350481_0598,,,永安市,350481,0598
350500_0595,,,泉州市,350500,0595
350502_0595,,,鲤城区,350502,0595
350503_0595,,,丰泽区,350503,0595
350504_0595,,,洛江区,350504,0595
350505_0595,,,泉港区,350505,0595
350521_0595,,,惠安县,350521,0595
350524_0595,,,安溪县,350524,0595
350525_0595,,,永春县,350525,0595
350526_0595,,,德化县,350526,0595
350527_0595,,,金门县,350527,0595
350581_0595,,,石狮市,350581,0595
350582_0595,,,晋江市,350582,0595
350583_0595,,,南安市,350583,0595
350600_0596,,,漳州市,350600,0596
350602_0596,,,芗城区,350602,0596
350603_0596,,,龙文区,350603,0596
350604_0596,,,龙海区,350604,0596
350605_0596,,,长泰区,350605,0596
350622_0596,,,云霄县,350622,0596
350623_0596,,,漳浦县,350623,0596
350624_0596,,,诏安县,350624,0596
350626_0596,,,东山县,350626,0596
350627_0596,,,南靖县,350627,0596
350628_0596,,,平和县,350628,0596
350629_0596,,,华安县,350629,0596
350700_0599,,,南平市,350700,0599
350702_0599,,,延平区,350702,0599
350703_0599,,,建阳区,350703,0599
350721_0599,,,顺昌县,350721,0599
350722_0599,,,浦城县,350722,0599
350723_0599,,,光泽县,350723,0599
350724_0599,,,松溪县,350724,0599
350725_0599,,,政和县,350725,0599
350781_0599,,,邵武市,350781,0599
350782_0599,,,武夷山市,350782,0599
350783_0599,,,建瓯市,350783,0599
350800_0597,,,龙岩市,350800,0597
350802_0597,,,新罗区,350802,0597
350803_0597,,,永定区,350803,0597
350821_0597,,,长汀县,350821,0597
350823_0597,,,上杭县,350823,0597
350824_0597,,,武平县,350824,0597
350825_0597,,,连城县,350825,0597
350881_0597,,,漳平市,350881,0597
350900_0593,,,宁德市,350900,0593
350902_0593,,,蕉城区,350902,0593
350921_0593,,,霞浦县,350921,0593
350922_0593,,,古田县,350922,0593
350923_0593,,,屏南县,350923,0593
350924_0593,,,寿宁县,350924,0593
350925_0593,,,周宁县,350925,0593
350926_0593,,,柘荣县,350926,0593
350981_0593,,,福安市,350981,0593
350982_0593,,,福鼎市,350982,0593
360000_\N,,,江西省,360000,\N
360100_0791,,,南昌市,360100,0791
360102_0791,,,东湖区,360102,0791
360103_0791,,,西湖区,360103,0791
360104_0791,,,青云谱区,360104,0791
360111_0791,,,青山湖区,360111,0791
360112_0791,,,新建区,360112,0791
360113_0791,,,红谷滩区,360113,0791
360121_0791,,,南昌县,360121,0791
360123_0791,,,安义县,360123,0791
360124_0791,,,进贤县,360124,0791
360200_0798,,,景德镇市,360200,0798
360202_0798,,,昌江区,360202,0798
360203_0798,,,珠山区,360203,0798
360222_0798,,,浮梁县,360222,0798
360281_0798,,,乐平市,360281,0798
360300_0799,,,萍乡市,360300,0799
360302_0799,,,安源区,360302,0799
360313_0799,,,湘东区,360313,0799
360321_0799,,,莲花县,360321,0799
360322_0799,,,上栗县,360322,0799
360323_0799,,,芦溪县,360323,0799
360400_0792,,,九江市,360400,0792
360402_0792,,,濂溪区,360402,0792
360403_0792,,,浔阳区,360403,0792
360404_0792,,,柴桑区,360404,0792
360423_0792,,,武宁县,360423,0792
360424_0792,,,修水县,360424,0792
360425_0792,,,永修县,360425,0792
360426_0792,,,德安县,360426,0792
360428_0792,,,都昌县,360428,0792
360429_0792,,,湖口县,360429,0792
360430_0792,,,彭泽县,360430,0792
360481_0792,,,瑞昌市,360481,0792
360482_0792,,,共青城市,360482,0792
360483_0792,,,庐山市,360483,0792
360500_0790,,,新余市,360500,0790
360502_0790,,,渝水区,360502,0790
360521_0790,,,分宜县,360521,0790
360600_0701,,,鹰潭市,360600,0701
360602_0701,,,月湖区,360602,0701
360603_0701,,,余江区,360603,0701
360681_0701,,,贵溪市,360681,0701
360700_0797,,,赣州市,360700,0797
360702_0797,,,章贡区,360702,0797
360703_0797,,,南康区,360703,0797
360704_0797,,,赣县区,360704,0797
360722_0797,,,信丰县,360722,0797
360723_0797,,,大余县,360723,0797
360724_0797,,,上犹县,360724,0797
360725_0797,,,崇义县,360725,0797
360726_0797,,,安远县,360726,0797
360728_0797,,,定南县,360728,0797
360729_0797,,,全南县,360729,0797
360730_0797,,,宁都县,360730,0797
360731_0797,,,于都县,360731,0797
360732_0797,,,兴国县,360732,0797
360733_0797,,,会昌县,360733,0797
360734_0797,,,寻乌县,360734,0797
360735_0797,,,石城县,360735,0797
360781_0797,,,瑞金市,360781,0797
360783_0797,,,龙南市,360783,0797
360800_0796,,,吉安市,360800,0796
360802_0796,,,吉州区,360802,0796
360803_0796,,,青原区,360803,0796
360821_0796,,,吉安县,360821,0796
360822_0796,,,吉水县,360822,0796
360823_0796,,,峡江县,360823,0796
360824_0796,,,新干县,360824,0796
360825_0796,,,永丰县,360825,0796
360826_0796,,,泰和县,360826,0796
360827_0796,,,遂川县,360827,0796
360828_0796,,,万安县,360828,0796
360829_0796,,,安福县,360829,0796
360830_0796,,,永新县,360830,0796
360881_0796,,,井冈山市,360881,0796
360900_0795,,,宜春市,360900,0795
360902_0795,,,袁州区,360902,0795
360921_0795,,,奉新县,360921,0795
360922_0795,,,万载县,360922,0795
360923_0795,,,上高县,360923,0795
360924_0795,,,宜丰县,360924,0795
360925_0795,,,靖安县,360925,0795
360926_0795,,,铜鼓县,360926,0795
360981_0795,,,丰城市,360981,0795
360982_0795,,,樟树市,360982,0795
360983_0795,,,高安市,360983,0795
361000_0794,,,抚州市,361000,0794
361002_0794,,,临川区,361002,0794
361003_0794,,,东乡区,361003,0794
361021_0794,,,南城县,361021,0794
361022_0794,,,黎川县,361022,0794
361023_0794,,,南丰县,361023,0794
361024_0794,,,崇仁县,361024,0794
361025_0794,,,乐安县,361025,0794
361026_0794,,,宜黄县,361026,0794
361027_0794,,,金溪县,361027,0794
361028_0794,,,资溪县,361028,0794
361030_0794,,,广昌县,361030,0794
361100_0793,,,上饶市,361100,0793
361102_0793,,,信州区,361102,0793
361103_0793,,,广丰区,361103,0793
361104_0793,,,广信区,361104,0793
361123_0793,,,玉山县,361123,0793
361124_0793,,,铅山县,361124,0793
361125_0793,,,横峰县,361125,0793
361126_0793,,,弋阳县,361126,0793
361127_0793,,,余干县,361127,0793
361128_0793,,,鄱阳县,361128,0793
361129_0793,,,万年县,361129,0793
361130_0793,,,婺源县,361130,0793
361181_0793,,,德兴市,361181,0793
370000_\N,,,山东省,370000,\N
370100_0531,,,济南市,370100,0531
370102_0531,,,历下区,370102,0531
370103_0531,,,市中区,370103,0531
370104_0531,,,槐荫区,370104,0531
370105_0531,,,天桥区,370105,0531
370112_0531,,,历城区,370112,0531
370113_0531,,,长清区,370113,0531
370114_0531,,,章丘区,370114,0531
370115_0531,,,济阳区,370115,0531
370116_0531,,,莱芜区,370116,0531
370117_0531,,,钢城区,370117,0531
370124_0531,,,平阴县,370124,0531
370126_0531,,,商河县,370126,0531
370200_0532,,,青岛市,370200,0532
370202_0532,,,市南区,370202,0532
370203_0532,,,市北区,370203,0532
370211_0532,,,黄岛区,370211,0532
370212_0532,,,崂山区,370212,0532
370213_0532,,,李沧区,370213,0532
370214_0532,,,城阳区,370214,0532
370215_0532,,,即墨区,370215,0532
370281_0532,,,胶州市,370281,0532
370283_0532,,,平度市,370283,0532
370285_0532,,,莱西市,370285,0532
370300_0533,,,淄博市,370300,0533
370302_0533,,,淄川区,370302,0533
370303_0533,,,张店区,370303,0533
370304_0533,,,博山区,370304,0533
370305_0533,,,临淄区,370305,0533
370306_0533,,,周村区,370306,0533
370321_0533,,,桓台县,370321,0533
370322_0533,,,高青县,370322,0533
370323_0533,,,沂源县,370323,0533
370400_0632,,,枣庄市,370400,0632
370402_0632,,,市中区,370402,0632
370403_0632,,,薛城区,370403,0632
370404_0632,,,峄城区,370404,0632
370405_0632,,,台儿庄区,370405,0632
370406_0632,,,山亭区,370406,0632
370481_0632,,,滕州市,370481,0632
370500_0546,,,东营市,370500,0546
370502_0546,,,东营区,370502,0546
370503_0546,,,河口区,370503,0546
370505_0546,,,垦利区,370505,0546
370522_0546,,,利津县,370522,0546
370523_0546,,,广饶县,370523,0546
370600_0535,,,烟台市,370600,0535
370602_0535,,,芝罘区,370602,0535
370611_0535,,,福山区,370611,0535
370612_0535,,,牟平区,370612,0535
370613_0535,,,莱山区,370613,0535
370614_0535,,,蓬莱区,370614,0535
370681_0535,,,龙口市,370681,0535
370682_0535,,,莱阳市,370682,0535
370683_0535,,,莱州市,370683,0535
370685_0535,,,招远市,370685,0535
370686_0535,,,栖霞市,370686,0535
370687_0535,,,海阳市,370687,0535
370700_0536,,,潍坊市,370700,0536
370702_0536,,,潍城区,370702,0536
370703_0536,,,寒亭区,370703,0536
370704_0536,,,坊子区,370704,0536
370705_0536,,,奎文区,370705,0536
370724_0536,,,临朐县,370724,0536
370725_0536,,,昌乐县,370725,0536
370781_0536,,,青州市,370781,0536
370782_0536,,,诸城市,370782,0536
370783_0536,,,寿光市,370783,0536
370784_0536,,,安丘市,370784,0536
370785_0536,,,高密市,370785,0536
370786_0536,,,昌邑市,370786,0536
370800_0537,,,济宁市,370800,0537
370811_0537,,,任城区,370811,0537
370812_0537,,,兖州区,370812,0537
370826_0537,,,微山县,370826,0537
370827_0537,,,鱼台县,370827,0537
370828_0537,,,金乡县,370828,0537
370829_0537,,,嘉祥县,370829,0537
370830_0537,,,汶上县,370830,0537
370831_0537,,,泗水县,370831,0537
370832_0537,,,梁山县,370832,0537
370881_0537,,,曲阜市,370881,0537
370883_0537,,,邹城市,370883,0537
370900_0538,,,泰安市,370900,0538
370902_0538,,,泰山区,370902,0538
370911_0538,,,岱岳区,370911,0538
370921_0538,,,宁阳县,370921,0538
370923_0538,,,东平县,370923,0538
370982_0538,,,新泰市,370982,0538
370983_0538,,,肥城市,370983,0538
371000_0631,,,威海市,371000,0631
371002_0631,,,环翠区,371002,0631
371003_0631,,,文登区,371003,0631
371082_0631,,,荣成市,371082,0631
371083_0631,,,乳山市,371083,0631
371100_0633,,,日照市,371100,0633
371102_0633,,,东港区,371102,0633
371103_0633,,,岚山区,371103,0633
371121_0633,,,五莲县,371121,0633
371122_0633,,,莒县,371122,0633
371300_0539,,,临沂市,371300,0539
371302_0539,,,兰山区,371302,0539
371311_0539,,,罗庄区,371311,0539
371312_0539,,,河东区,371312,0539
371321_0539,,,沂南县,371321,0539
371322_0539,,,郯城县,371322,0539
371323_0539,,,沂水县,371323,0539
371324_0539,,,兰陵县,371324,0539
371325_0539,,,费县,371325,0539
371326_0539,,,平邑县,371326,0539
371327_0539,,,莒南县,371327,0539
371328_0539,,,蒙阴县,371328,0539
371329_0539,,,临沭县,371329,0539
371400_0534,,,德州市,371400,0534
371402_0534,,,德城区,371402,0534
371403_0534,,,陵城区,371403,0534
371422_0534,,,宁津县,371422,0534
371423_0534,,,庆云县,371423,0534
371424_0534,,,临邑县,371424,0534
371425_0534,,,齐河县,371425,0534
371426_0534,,,平原县,371426,0534
371427_0534,,,夏津县,371427,0534
371428_0534,,,武城县,371428,0534
371481_0534,,,乐陵市,371481,0534
371482_0534,,,禹城市,371482,0534
371500_0635,,,聊城市,371500,0635
371502_0635,,,东昌府区,371502,0635
371503_0635,,,茌平区,371503,0635
371521_0635,,,阳谷县,371521,0635
371522_0635,,,莘县,371522,0635
371524_0635,,,东阿县,371524,0635
371525_0635,,,冠县,371525,0635
371526_0635,,,高唐县,371526,0635
371581_0635,,,临清市,371581,0635
371600_0543,,,滨州市,371600,0543
371602_0543,,,滨城区,371602,0543
371603_0543,,,沾化区,371603,0543
371621_0543,,,惠民县,371621,0543
371622_0543,,,阳信县,371622,0543
371623_0543,,,无棣县,371623,0543
371625_0543,,,博兴县,371625,0543
371681_0543,,,邹平市,371681,0543
371700_0530,,,菏泽市,371700,0530
371702_0530,,,牡丹区,371702,0530
371703_0530,,,定陶区,371703,0530
371721_0530,,,曹县,371721,0530
371722_0530,,,单县,371722,0530
371723_0530,,,成武县,371723,0530
371724_0530,,,巨野县,371724,0530
371725_0530,,,郓城县,371725,0530
371726_0530,,,鄄城县,371726,0530
371728_0530,,,东明县,371728,0530
410000_\N,,,河南省,410000,\N
410100_0371,,,郑州市,410100,0371
410102_0371,,,中原区,410102,0371
410103_0371,,,二七区,410103,0371
410104_0371,,,管城回族区,410104,0371
410105_0371,,,金水区,410105,0371
410106_0371,,,上街区,410106,0371
410108_0371,,,惠济区,410108,0371
410122_0371,,,中牟县,410122,0371
410181_0371,,,巩义市,410181,0371
410182_0371,,,荥阳市,410182,0371
410183_0371,,,新密市,410183,0371
410184_0371,,,新郑市,410184,0371
410185_0371,,,登封市,410185,0371
410200_0378,,,开封市,410200,0378
410202_0378,,,龙亭区,410202,0378
410203_0378,,,顺河回族区,410203,0378
410204_0378,,,鼓楼区,410204,0378
410205_0378,,,禹王台区,410205,0378
410212_0378,,,祥符区,410212,0378
410221_0378,,,杞县,410221,0378
410222_0378,,,通许县,410222,0378
410223_0378,,,尉氏县,410223,0378
410225_0378,,,兰考县,410225,0378
410300_0379,,,洛阳市,410300,0379
410302_0379,,,老城区,410302,0379
410303_0379,,,西工区,410303,0379
410304_0379,,,瀍河回族区,410304,0379
410305_0379,,,涧西区,410305,0379
410307_0379,,,偃师区,410307,0379
410308_0379,,,孟津区,410308,0379
410311_0379,,,洛龙区,410311,0379
410323_0379,,,新安县,410323,0379
410324_0379,,,栾川县,410324,0379
410325_0379,,,嵩县,410325,0379
410326_0379,,,汝阳县,410326,0379
410327_0379,,,宜阳县,410327,0379
410328_0379,,,洛宁县,410328,0379
410329_0379,,,伊川县,410329,0379
410400_0375,,,平顶山市,410400,0375
410402_0375,,,新华区,410402,0375
410403_0375,,,卫东区,410403,0375
410404_0375,,,石龙区,410404,0375
410411_0375,,,湛河区,410411,0375
410421_0375,,,宝丰县,410421,0375
410422_0375,,,叶县,410422,0375
410423_0375,,,鲁山县,410423,0375
410425_0375,,,郏县,410425,0375
410481_0375,,,舞钢市,410481,0375
410482_0375,,,汝州市,410482,0375
410500_0372,,,安阳市,410500,0372
410502_0372,,,文峰区,410502,0372
410503_0372,,,北关区,410503,0372
410505_0372,,,殷都区,410505,0372
410506_0372,,,龙安区,410506,0372
410522_0372,,,安阳县,410522,0372
410523_0372,,,汤阴县,410523,0372
410526_0372,,,滑县,410526,0372
410527_0372,,,内黄县,410527,0372
410581_0372,,,林州市,410581,0372
410600_0392,,,鹤壁市,410600,0392
410602_0392,,,鹤山区,410602,0392
410603_0392,,,山城区,410603,0392
410611_0392,,,淇滨区,410611,0392
410621_0392,,,浚县,410621,0392
410622_0392,,,淇县,410622,0392
410700_0373,,,新乡市,410700,0373
410702_0373,,,红旗区,410702,0373
410703_0373,,,卫滨区,410703,0373
410704_0373,,,凤泉区,410704,0373
410711_0373,,,牧野区,410711,0373
410721_0373,,,新乡县,410721,0373
410724_0373,,,获嘉县,410724,0373
410725_0373,,,原阳县,410725,0373
410726_0373,,,延津县,410726,0373
410727_0373,,,封丘县,410727,0373
410781_0373,,,卫辉市,410781,0373
410782_0373,,,辉县市,410782,0373
410783_0373,,,长垣市,410783,0373
410800_0391,,,焦作市,410800,0391
410802_0391,,,解放区,410802,0391
410803_0391,,,中站区,410803,0391
410804_0391,,,马村区,410804,0391
410811_0391,,,山阳区,410811,0391
410821_0391,,,修武县,410821,0391
410822_0391,,,博爱县,410822,0391
410823_0391,,,武陟县,410823,0391
410825_0391,,,温县,410825,0391
410882_0391,,,沁阳市,410882,0391
410883_0391,,,孟州市,410883,0391
410900_0393,,,濮阳市,410900,0393
410902_0393,,,华龙区,410902,0393
410922_0393,,,清丰县,410922,0393
410923_0393,,,南乐县,410923,0393
410926_0393,,,范县,410926,0393
410927_0393,,,台前县,410927,0393
410928_0393,,,濮阳县,410928,0393
411000_0374,,,许昌市,411000,0374
411002_0374,,,魏都区,411002,0374
411003_0374,,,建安区,411003,0374
411024_0374,,,鄢陵县,411024,0374
411025_0374,,,襄城县,411025,0374
411081_0374,,,禹州市,411081,0374
411082_0374,,,长葛市,411082,0374
411100_0395,,,漯河市,411100,0395
411102_0395,,,源汇区,411102,0395
411103_0395,,,郾城区,411103,0395
411104_0395,,,召陵区,411104,0395
411121_0395,,,舞阳县,411121,0395
411122_0395,,,临颍县,411122,0395
411200_0398,,,三门峡市,411200,0398
411202_0398,,,湖滨区,411202,0398
411203_0398,,,陕州区,411203,0398
411221_0398,,,渑池县,411221,0398
411224_0398,,,卢氏县,411224,0398
411281_0398,,,义马市,411281,0398
411282_0398,,,灵宝市,411282,0398
411300_0377,,,南阳市,411300,0377
411302_0377,,,宛城区,411302,0377
411303_0377,,,卧龙区,411303,0377
411321_0377,,,南召县,411321,0377
411322_0377,,,方城县,411322,0377
411323_0377,,,西峡县,411323,0377
411324_0377,,,镇平县,411324,0377
411325_0377,,,内乡县,411325,0377
411326_0377,,,淅川县,411326,0377
411327_0377,,,社旗县,411327,0377
411328_0377,,,唐河县,411328,0377
411329_0377,,,新野县,411329,0377
411330_0377,,,桐柏县,411330,0377
411381_0377,,,邓州市,411381,0377
411400_0370,,,商丘市,411400,0370
411402_0370,,,梁园区,411402,0370
411403_0370,,,睢阳区,411403,0370
411421_0370,,,民权县,411421,0370
411422_0370,,,睢县,411422,0370
411423_0370,,,宁陵县,411423,0370
411424_0370,,,柘城县,411424,0370
411425_0370,,,虞城县,411425,0370
411426_0370,,,夏邑县,411426,0370
411481_0370,,,永城市,411481,0370
411500_0376,,,信阳市,411500,0376
411502_0376,,,浉河区,411502,0376
411503_0376,,,平桥区,411503,0376
411521_0376,,,罗山县,411521,0376
411522_0376,,,光山县,411522,0376
411523_0376,,,新县,411523,0376
411524_0376,,,商城县,411524,0376
411525_0376,,,固始县,411525,0376
411526_0376,,,潢川县,411526,0376
411527_0376,,,淮滨县,411527,0376
411528_0376,,,息县,411528,0376
411600_0394,,,周口市,411600,0394
411602_0394,,,川汇区,411602,0394
411603_0394,,,淮阳区,411603,0394
411621_0394,,,扶沟县,411621,0394
411622_0394,,,西华县,411622,0394
411623_0394,,,商水县,411623,0394
411624_0394,,,沈丘县,411624,0394
411625_0394,,,郸城县,411625,0394
411627_0394,,,太康县,411627,0394
411628_0394,,,鹿邑县,411628,0394
411681_0394,,,项城市,411681,0394
411700_0396,,,驻马店市,411700,0396
411702_0396,,,驿城区,411702,0396
411721_0396,,,西平县,411721,0396
411722_0396,,,上蔡县,411722,0396
411723_0396,,,平舆县,411723,0396
411724_0396,,,正阳县,411724,0396
411725_0396,,,确山县,411725,0396
411726_0396,,,泌阳县,411726,0396
411727_0396,,,汝南县,411727,0396
411728_0396,,,遂平县,411728,0396
411729_0396,,,新蔡县,411729,0396
419001_1391,,,济源市,419001,1391
420000_\N,,,湖北省,420000,\N
420100_027,,,武汉市,420100,027
420102_027,,,江岸区,420102,027
420103_027,,,江汉区,420103,027
420104_027,,,硚口区,420104,027
420105_027,,,汉阳区,420105,027
420106_027,,,武昌区,420106,027
420107_027,,,青山区,420107,027
420111_027,,,洪山区,420111,027
420112_027,,,东西湖区,420112,027
420113_027,,,汉南区,420113,027
420114_027,,,蔡甸区,420114,027
420115_027,,,江夏区,420115,027
420116_027,,,黄陂区,420116,027
420117_027,,,新洲区,420117,027
420200_0714,,,黄石市,420200,0714
420202_0714,,,黄石港区,420202,0714
420203_0714,,,西塞山区,420203,0714
420204_0714,,,下陆区,420204,0714
420205_0714,,,铁山区,420205,0714
420222_0714,,,阳新县,420222,0714
420281_0714,,,大冶市,420281,0714
420300_0719,,,十堰市,420300,0719
420302_0719,,,茅箭区,420302,0719
420303_0719,,,张湾区,420303,0719
420304_0719,,,郧阳区,420304,0719
420322_0719,,,郧西县,420322,0719
420323_0719,,,竹山县,420323,0719
420324_0719,,,竹溪县,420324,0719
420325_0719,,,房县,420325,0719
420381_0719,,,丹江口市,420381,0719
420500_0717,,,宜昌市,420500,0717
420502_0717,,,西陵区,420502,0717
420503_0717,,,伍家岗区,420503,0717
420504_0717,,,点军区,420504,0717
420505_0717,,,猇亭区,420505,0717
420506_0717,,,夷陵区,420506,0717
420525_0717,,,远安县,420525,0717
420526_0717,,,兴山县,420526,0717
420527_0717,,,秭归县,420527,0717
420528_0717,,,长阳土家族自治县,420528,0717
420529_0717,,,五峰土家族自治县,420529,0717
420581_0717,,,宜都市,420581,0717
420582_0717,,,当阳市,420582,0717
420583_0717,,,枝江市,420583,0717
420600_0710,,,襄阳市,420600,0710
420602_0710,,,襄城区,420602,0710
420606_0710,,,樊城区,420606,0710
420607_0710,,,襄州区,420607,0710
420624_0710,,,南漳县,420624,0710
420625_0710,,,谷城县,420625,0710
420626_0710,,,保康县,420626,0710
420682_0710,,,老河口市,420682,0710
420683_0710,,,枣阳市,420683,0710
420684_0710,,,宜城市,420684,0710
420700_0711,,,鄂州市,420700,0711
420702_0711,,,梁子湖区,420702,0711
420703_0711,,,华容区,420703,0711
420704_0711,,,鄂城区,420704,0711
420800_0724,,,荆门市,420800,0724
420802_0724,,,东宝区,420802,0724
420804_0724,,,掇刀区,420804,0724
420822_0724,,,沙洋县,420822,0724
420881_0724,,,钟祥市,420881,0724
420882_0724,,,京山市,420882,0724
420900_0712,,,孝感市,420900,0712
420902_0712,,,孝南区,420902,0712
420921_0712,,,孝昌县,420921,0712
420922_0712,,,大悟县,420922,0712
420923_0712,,,云梦县,420923,0712
420981_0712,,,应城市,420981,0712
420982_0712,,,安陆市,420982,0712
420984_0712,,,汉川市,420984,0712
421000_0716,,,荆州市,421000,0716
421002_0716,,,沙市区,421002,0716
421003_0716,,,荆州区,421003,0716
421022_0716,,,公安县,421022,0716
421024_0716,,,江陵县,421024,0716
421081_0716,,,石首市,421081,0716
421083_0716,,,洪湖市,421083,0716
421087_0716,,,松滋市,421087,0716
421088_0716,,,监利市,421088,0716
421100_0713,,,黄冈市,421100,0713
421102_0713,,,黄州区,421102,0713
421121_0713,,,团风县,421121,0713
421122_0713,,,红安县,421122,0713
421123_0713,,,罗田县,421123,0713
421124_0713,,,英山县,421124,0713
421125_0713,,,浠水县,421125,0713
421126_0713,,,蕲春县,421126,0713
421127_0713,,,黄梅县,421127,0713
421181_0713,,,麻城市,421181,0713
421182_0713,,,武穴市,421182,0713
421200_0715,,,咸宁市,421200,0715
421202_0715,,,咸安区,421202,0715
421221_0715,,,嘉鱼县,421221,0715
421222_0715,,,通城县,421222,0715
421223_0715,,,崇阳县,421223,0715
421224_0715,,,通山县,421224,0715
421281_0715,,,赤壁市,421281,0715
421300_0722,,,随州市,421300,0722
421303_0722,,,曾都区,421303,0722
421321_0722,,,随县,421321,0722
421381_0722,,,广水市,421381,0722
422800_0718,,,恩施土家族苗族自治州,422800,0718
422801_0718,,,恩施市,422801,0718
422802_0718,,,利川市,422802,0718
422822_0718,,,建始县,422822,0718
422823_0718,,,巴东县,422823,0718
422825_0718,,,宣恩县,422825,0718
422826_0718,,,咸丰县,422826,0718
422827_0718,,,来凤县,422827,0718
422828_0718,,,鹤峰县,422828,0718
429004_0728,,,仙桃市,429004,0728
429005_2728,,,潜江市,429005,2728
429006_1728,,,天门市,429006,1728
429021_1719,,,神农架林区,429021,1719
430000_\N,,,湖南省,430000,\N
430100_0731,,,长沙市,430100,0731
430102_0731,,,芙蓉区,430102,0731
430103_0731,,,天心区,430103,0731
430104_0731,,,岳麓区,430104,0731
430105_0731,,,开福区,430105,0731
430111_0731,,,雨花区,430111,0731
430112_0731,,,望城区,430112,0731
430121_0731,,,长沙县,430121,0731
430181_0731,,,浏阳市,430181,0731
430182_0731,,,宁乡市,430182,0731
430200_0733,,,株洲市,430200,0733
430202_0733,,,荷塘区,430202,0733
430203_0733,,,芦淞区,430203,0733
430204_0733,,,石峰区,430204,0733
430211_0733,,,天元区,430211,0733
430212_0733,,,渌口区,430212,0733
430223_0733,,,攸县,430223,0733
430224_0733,,,茶陵县,430224,0733
430225_0733,,,炎陵县,430225,0733
430281_0733,,,醴陵市,430281,0733
430300_0732,,,湘潭市,430300,0732
430302_0732,,,雨湖区,430302,0732
430304_0732,,,岳塘区,430304,0732
430321_0732,,,湘潭县,430321,0732
430381_0732,,,湘乡市,430381,0732
430382_0732,,,韶山市,430382,0732
430400_0734,,,衡阳市,430400,0734
430405_0734,,,珠晖区,430405,0734
430406_0734,,,雁峰区,430406,0734
430407_0734,,,石鼓区,430407,0734
430408_0734,,,蒸湘区,430408,0734
430412_0734,,,南岳区,430412,0734
430421_0734,,,衡阳县,430421,0734
430422_0734,,,衡南县,430422,0734
430423_0734,,,衡山县,430423,0734
430424_0734,,,衡东县,430424,0734
430426_0734,,,祁东县,430426,0734
430481_0734,,,耒阳市,430481,0734
430482_0734,,,常宁市,430482,0734
430500_0739,,,邵阳市,430500,0739
430502_0739,,,双清区,430502,0739
430503_0739,,,大祥区,430503,0739
430511_0739,,,北塔区,430511,0739
430522_0739,,,新邵县,430522,0739
430523_0739,,,邵阳县,430523,0739
430524_0739,,,隆回县,430524,0739
430525_0739,,,洞口县,430525,0739
430527_0739,,,绥宁县,430527,0739
430528_0739,,,新宁县,430528,0739
430529_0739,,,城步苗族自治县,430529,0739
430581_0739,,,武冈市,430581,0739
430582_0739,,,邵东市,430582,0739
430600_0730,,,岳阳市,430600,0730
430602_0730,,,岳阳楼区,430602,0730
430603_0730,,,云溪区,430603,0730
430611_0730,,,君山区,430611,0730
430621_0730,,,岳阳县,430621,0730
430623_0730,,,华容县,430623,0730
430624_0730,,,湘阴县,430624,0730
430626_0730,,,平江县,430626,0730
430681_0730,,,汨罗市,430681,0730
430682_0730,,,临湘市,430682,0730
430700_0736,,,常德市,430700,0736
430702_0736,,,武陵区,430702,0736
430703_0736,,,鼎城区,430703,0736
430721_0736,,,安乡县,430721,0736
430722_0736,,,汉寿县,430722,0736
430723_0736,,,澧县,430723,0736
430724_0736,,,临澧县,430724,0736
430725_0736,,,桃源县,430725,0736
430726_0736,,,石门县,430726,0736
430781_0736,,,津市市,430781,0736
430800_0744,,,张家界市,430800,0744
430802_0744,,,永定区,430802,0744
430811_0744,,,武陵源区,430811,0744
430821_0744,,,慈利县,430821,0744
430822_0744,,,桑植县,430822,0744
430900_0737,,,益阳市,430900,0737
430902_0737,,,资阳区,430902,0737
430903_0737,,,赫山区,430903,0737
430921_0737,,,南县,430921,0737
430922_0737,,,桃江县,430922,0737
430923_0737,,,安化县,430923,0737
430981_0737,,,沅江市,430981,0737
431000_0735,,,郴州市,431000,0735
431002_0735,,,北湖区,431002,0735
431003_0735,,,苏仙区,431003,0735
431021_0735,,,桂阳县,431021,0735
431022_0735,,,宜章县,431022,0735
431023_0735,,,永兴县,431023,0735
431024_0735,,,嘉禾县,431024,0735
431025_0735,,,临武县,431025,0735
431026_0735,,,汝城县,431026,0735
431027_0735,,,桂东县,431027,0735
431028_0735,,,安仁县,431028,0735
431081_0735,,,资兴市,431081,0735
431100_0746,,,永州市,431100,0746
431102_0746,,,零陵区,431102,0746
431103_0746,,,冷水滩区,431103,0746
431122_0746,,,东安县,431122,0746
431123_0746,,,双牌县,431123,0746
431124_0746,,,道县,431124,0746
431125_0746,,,江永县,431125,0746
431126_0746,,,宁远县,431126,0746
431127_0746,,,蓝山县,431127,0746
431128_0746,,,新田县,431128,0746
431129_0746,,,江华瑶族自治县,431129,0746
431181_0746,,,祁阳市,431181,0746
431200_0745,,,怀化市,431200,0745
431202_0745,,,鹤城区,431202,0745
431221_0745,,,中方县,431221,0745
431222_0745,,,沅陵县,431222,0745
431223_0745,,,辰溪县,431223,0745
431224_0745,,,溆浦县,431224,0745
431225_0745,,,会同县,431225,0745
431226_0745,,,麻阳苗族自治县,431226,0745
431227_0745,,,新晃侗族自治县,431227,0745
431228_0745,,,芷江侗族自治县,431228,0745
431229_0745,,,靖州苗族侗族自治县,431229,0745
431230_0745,,,通道侗族自治县,431230,0745
431281_0745,,,洪江市,431281,0745
431300_0738,,,娄底市,431300,0738
431302_0738,,,娄星区,431302,0738
431321_0738,,,双峰县,431321,0738
431322_0738,,,新化县,431322,0738
431381_0738,,,冷水江市,431381,0738
431382_0738,,,涟源市,431382,0738
433100_0743,,,湘西土家族苗族自治州,433100,0743
433101_0743,,,吉首市,433101,0743
433122_0743,,,泸溪县,433122,0743
433123_0743,,,凤凰县,433123,0743
433124_0743,,,花垣县,433124,0743
433125_0743,,,保靖县,433125,0743
433126_0743,,,古丈县,433126,0743
433127_0743,,,永顺县,433127,0743
433130_0743,,,龙山县,433130,0743
440000_\N,,,广东省,440000,\N
440100_020,,,广州市,440100,020
440103_020,,,荔湾区,440103,020
440104_020,,,越秀区,440104,020
440105_020,,,海珠区,440105,020
440106_020,,,天河区,440106,020
440111_020,,,白云区,440111,020
440112_020,,,黄埔区,440112,020
440113_020,,,番禺区,440113,020
440114_020,,,花都区,440114,020
440115_020,,,南沙区,440115,020
440117_020,,,从化区,440117,020
440118_020,,,增城区,440118,020
440200_0751,,,韶关市,440200,0751
440203_0751,,,武江区,440203,0751
440204_0751,,,浈江区,440204,0751
440205_0751,,,曲江区,440205,0751
440222_0751,,,始兴县,440222,0751
440224_0751,,,仁化县,440224,0751
440229_0751,,,翁源县,440229,0751
440232_0751,,,乳源瑶族自治县,440232,0751
440233_0751,,,新丰县,440233,0751
440281_0751,,,乐昌市,440281,0751
440282_0751,,,南雄市,440282,0751
440300_0755,,,深圳市,440300,0755
440303_0755,,,罗湖区,440303,0755
440304_0755,,,福田区,440304,0755
440305_0755,,,南山区,440305,0755
440306_0755,,,宝安区,440306,0755
440307_0755,,,龙岗区,440307,0755
440308_0755,,,盐田区,440308,0755
440309_0755,,,龙华区,440309,0755
440310_0755,,,坪山区,440310,0755
440311_0755,,,光明区,440311,0755
440400_0756,,,珠海市,440400,0756
440402_0756,,,香洲区,440402,0756
440403_0756,,,斗门区,440403,0756
440404_0756,,,金湾区,440404,0756
440500_0754,,,汕头市,440500,0754
440507_0754,,,龙湖区,440507,0754
440511_0754,,,金平区,440511,0754
440512_0754,,,濠江区,440512,0754
440513_0754,,,潮阳区,440513,0754
440514_0754,,,潮南区,440514,0754
440515_0754,,,澄海区,440515,0754
440523_0754,,,南澳县,440523,0754
440600_0757,,,佛山市,440600,0757
440604_0757,,,禅城区,440604,0757
440605_0757,,,南海区,440605,0757
440606_0757,,,顺德区,440606,0757
440607_0757,,,三水区,440607,0757
440608_0757,,,高明区,440608,0757
440700_0750,,,江门市,440700,0750
440703_0750,,,蓬江区,440703,0750
440704_0750,,,江海区,440704,0750
440705_0750,,,新会区,440705,0750
440781_0750,,,台山市,440781,0750
440783_0750,,,开平市,440783,0750
440784_0750,,,鹤山市,440784,0750
440785_0750,,,恩平市,440785,0750
440800_0759,,,湛江市,440800,0759
440802_0759,,,赤坎区,440802,0759
440803_0759,,,霞山区,440803,0759
440804_0759,,,坡头区,440804,0759
440811_0759,,,麻章区,440811,0759
440823_0759,,,遂溪县,440823,0759
440825_0759,,,徐闻县,440825,0759
440881_0759,,,廉江市,440881,0759
440882_0759,,,雷州市,440882,0759
440883_0759,,,吴川市,440883,0759
440900_0668,,,茂名市,440900,0668
440902_0668,,,茂南区,440902,0668
440904_0668,,,电白区,440904,0668
440981_0668,,,高州市,440981,0668
440982_0668,,,化州市,440982,0668
440983_0668,,,信宜市,440983,0668
441200_0758,,,肇庆市,441200,0758
441202_0758,,,端州区,441202,0758
441203_0758,,,鼎湖区,441203,0758
441204_0758,,,高要区,441204,0758
441223_0758,,,广宁县,441223,0758
441224_0758,,,怀集县,441224,0758
441225_0758,,,封开县,441225,0758
441226_0758,,,德庆县,441226,0758
441284_0758,,,四会市,441284,0758
441300_0752,,,惠州市,441300,0752
441302_0752,,,惠城区,441302,0752
441303_0752,,,惠阳区,441303,0752
441322_0752,,,博罗县,441322,0752
441323_0752,,,惠东县,441323,0752
441324_0752,,,龙门县,441324,0752
441400_0753,,,梅州市,441400,0753
441402_0753,,,梅江区,441402,0753
441403_0753,,,梅县区,441403,0753
441422_0753,,,大埔县,441422,0753
441423_0753,,,丰顺县,441423,0753
441424_0753,,,五华县,441424,0753
441426_0753,,,平远县,441426,0753
441427_0753,,,蕉岭县,441427,0753
441481_0753,,,兴宁市,441481,0753
441500_0660,,,汕尾市,441500,0660
441502_0660,,,城区,441502,0660
441521_0660,,,海丰县,441521,0660
441523_0660,,,陆河县,441523,0660
441581_0660,,,陆丰市,441581,0660
441600_0762,,,河源市,441600,0762
441602_0762,,,源城区,441602,0762
441621_0762,,,紫金县,441621,0762
441622_0762,,,龙川县,441622,0762
441623_0762,,,连平县,441623,0762
441624_0762,,,和平县,441624,0762
441625_0762,,,东源县,441625,0762
441700_0662,,,阳江市,441700,0662
441702_0662,,,江城区,441702,0662
441704_0662,,,阳东区,441704,0662
441721_0662,,,阳西县,441721,0662
441781_0662,,,阳春市,441781,0662
441800_0763,,,清远市,441800,0763
441802_0763,,,清城区,441802,0763
441803_0763,,,清新区,441803,0763
441821_0763,,,佛冈县,441821,0763
441823_0763,,,阳山县,441823,0763
441825_0763,,,连山壮族瑶族自治县,441825,0763
441826_0763,,,连南瑶族自治县,441826,0763
441881_0763,,,英德市,441881,0763
441882_0763,,,连州市,441882,0763
441900_0769,,,东莞市,441900,0769
442000_0760,,,中山市,442000,0760
445100_0768,,,潮州市,445100,0768
445102_0768,,,湘桥区,445102,0768
445103_0768,,,潮安区,445103,0768
445122_0768,,,饶平县,445122,0768
445200_0663,,,揭阳市,445200,0663
445202_0663,,,榕城区,445202,0663
445203_0663,,,揭东区,445203,0663
445222_0663,,,揭西县,445222,0663
445224_0663,,,惠来县,445224,0663
445281_0663,,,普宁市,445281,0663
445300_0766,,,云浮市,445300,0766
445302_0766,,,云城区,445302,0766
445303_0766,,,云安区,445303,0766
445321_0766,,,新兴县,445321,0766
445322_0766,,,郁南县,445322,0766
445381_0766,,,罗定市,445381,0766
450000_\N,,,广西壮族自治区,450000,\N
450100_0771,,,南宁市,450100,0771
450102_0771,,,兴宁区,450102,0771
450103_0771,,,青秀区,450103,0771
450105_0771,,,江南区,450105,0771
450107_0771,,,西乡塘区,450107,0771
450108_0771,,,良庆区,450108,0771
450109_0771,,,邕宁区,450109,0771
450110_0771,,,武鸣区,450110,0771
450123_0771,,,隆安县,450123,0771
450124_0771,,,马山县,450124,0771
450125_0771,,,上林县,450125,0771
450126_0771,,,宾阳县,450126,0771
450181_0771,,,横州市,450181,0771
450200_0772,,,柳州市,450200,0772
450202_0772,,,城中区,450202,0772
450203_0772,,,鱼峰区,450203,0772
450204_0772,,,柳南区,450204,0772
450205_0772,,,柳北区,450205,0772
450206_0772,,,柳江区,450206,0772
450222_0772,,,柳城县,450222,0772
450223_0772,,,鹿寨县,450223,0772
450224_0772,,,融安县,450224,0772
450225_0772,,,融水苗族自治县,450225,0772
450226_0772,,,三江侗族自治县,450226,0772
450300_0773,,,桂林市,450300,0773
450302_0773,,,秀峰区,450302,0773
450303_0773,,,叠彩区,450303,0773
450304_0773,,,象山区,450304,0773
450305_0773,,,七星区,450305,0773
450311_0773,,,雁山区,450311,0773
450312_0773,,,临桂区,450312,0773
450321_0773,,,阳朔县,450321,0773
450323_0773,,,灵川县,450323,0773
450324_0773,,,全州县,450324,0773
450325_0773,,,兴安县,450325,0773
450326_0773,,,永福县,450326,0773
450327_0773,,,灌阳县,450327,0773
450328_0773,,,龙胜各族自治县,450328,0773
450329_0773,,,资源县,450329,0773
450330_0773,,,平乐县,450330,0773
450332_0773,,,恭城瑶族自治县,450332,0773
450381_0773,,,荔浦市,450381,0773
450400_0774,,,梧州市,450400,0774
450403_0774,,,万秀区,450403,0774
450405_0774,,,长洲区,450405,0774
450406_0774,,,龙圩区,450406,0774
450421_0774,,,苍梧县,450421,0774
450422_0774,,,藤县,450422,0774
450423_0774,,,蒙山县,450423,0774
450481_0774,,,岑溪市,450481,0774
450500_0779,,,北海市,450500,0779
450502_0779,,,海城区,450502,0779
450503_0779,,,银海区,450503,0779
450512_0779,,,铁山港区,450512,0779
450521_0779,,,合浦县,450521,0779
450600_0770,,,防城港市,450600,0770
450602_0770,,,港口区,450602,0770
450603_0770,,,防城区,450603,0770
450621_0770,,,上思县,450621,0770
450681_0770,,,东兴市,450681,0770
450700_0777,,,钦州市,450700,0777
450702_0777,,,钦南区,450702,0777
450703_0777,,,钦北区,450703,0777
450721_0777,,,灵山县,450721,0777
450722_0777,,,浦北县,450722,0777
450800_1755,,,贵港市,450800,1755
450802_1755,,,港北区,450802,1755
450803_1755,,,港南区,450803,1755
450804_1755,,,覃塘区,450804,1755
450821_1755,,,平南县,450821,1755
450881_1755,,,桂平市,450881,1755
450900_0775,,,玉林市,450900,0775
450902_0775,,,玉州区,450902,0775
450903_0775,,,福绵区,450903,0775
450921_0775,,,容县,450921,0775
450922_0775,,,陆川县,450922,0775
450923_0775,,,博白县,450923,0775
450924_0775,,,兴业县,450924,0775
450981_0775,,,北流市,450981,0775
451000_0776,,,百色市,451000,0776
451002_0776,,,右江区,451002,0776
451003_0776,,,田阳区,451003,0776
451022_0776,,,田东县,451022,0776
451024_0776,,,德保县,451024,0776
451026_0776,,,那坡县,451026,0776
451027_0776,,,凌云县,451027,0776
451028_0776,,,乐业县,451028,0776
451029_0776,,,田林县,451029,0776
451030_0776,,,西林县,451030,0776
451031_0776,,,隆林各族自治县,451031,0776
451081_0776,,,靖西市,451081,0776
451082_0776,,,平果市,451082,0776
451100_1774,,,贺州市,451100,1774
451102_1774,,,八步区,451102,1774
451103_1774,,,平桂区,451103,1774
451121_1774,,,昭平县,451121,1774
451122_1774,,,钟山县,451122,1774
451123_1774,,,富川瑶族自治县,451123,1774
451200_0778,,,河池市,451200,0778
451202_0778,,,金城江区,451202,0778
451203_0778,,,宜州区,451203,0778
451221_0778,,,南丹县,451221,0778
451222_0778,,,天峨县,451222,0778
451223_0778,,,凤山县,451223,0778
451224_0778,,,东兰县,451224,0778
451225_0778,,,罗城仫佬族自治县,451225,0778
451226_0778,,,环江毛南族自治县,451226,0778
451227_0778,,,巴马瑶族自治县,451227,0778
451228_0778,,,都安瑶族自治县,451228,0778
451229_0778,,,大化瑶族自治县,451229,0778
451300_1772,,,来宾市,451300,1772
451302_1772,,,兴宾区,451302,1772
451321_1772,,,忻城县,451321,1772
451322_1772,,,象州县,451322,1772
451323_1772,,,武宣县,451323,1772
451324_1772,,,金秀瑶族自治县,451324,1772
451381_1772,,,合山市,451381,1772
451400_1771,,,崇左市,451400,1771
451402_1771,,,江州区,451402,1771
451421_1771,,,扶绥县,451421,1771
451422_1771,,,宁明县,451422,1771
451423_1771,,,龙州县,451423,1771
451424_1771,,,大新县,451424,1771
451425_1771,,,天等县,451425,1771
451481_1771,,,凭祥市,451481,1771
460000_\N,,,海南省,460000,\N
460100_0898,,,海口市,460100,0898
460105_0898,,,秀英区,460105,0898
460106_0898,,,龙华区,460106,0898
460107_0898,,,琼山区,460107,0898
460108_0898,,,美兰区,460108,0898
460200_0899,,,三亚市,460200,0899
460202_0899,,,海棠区,460202,0899
460203_0899,,,吉阳区,460203,0899
460204_0899,,,天涯区,460204,0899
460205_0899,,,崖州区,460205,0899
460300_2898,,,三沙市,460300,2898
460301_2898,,,西沙区,460301,2898
460302_2898,,,南沙区,460302,2898
460400_0805,,,儋州市,460400,0805
469001_1897,,,五指山市,469001,1897
469002_1894,,,琼海市,469002,1894
469005_1893,,,文昌市,469005,1893
469006_1898,,,万宁市,469006,1898
469007_0807,,,东方市,469007,0807
469021_0806,,,定安县,469021,0806
469022_1892,,,屯昌县,469022,1892
469023_0804,,,澄迈县,469023,0804
469024_1896,,,临高县,469024,1896
469025_0802,,,白沙黎族自治县,469025,0802
469026_0803,,,昌江黎族自治县,469026,0803
469027_2802,,,乐东黎族自治县,469027,2802
469028_0809,,,陵水黎族自治县,469028,0809
469029_0801,,,保亭黎族苗族自治县,469029,0801
469030_1899,,,琼中黎族苗族自治县,469030,1899
500000_023,,,重庆市,500000,023
500101_023,,,万州区,500101,023
500102_023,,,涪陵区,500102,023
500103_023,,,渝中区,500103,023
500104_023,,,大渡口区,500104,023
500105_023,,,江北区,500105,023
500106_023,,,沙坪坝区,500106,023
500107_023,,,九龙坡区,500107,023
500108_023,,,南岸区,500108,023
500109_023,,,北碚区,500109,023
500110_023,,,綦江区,500110,023
500111_023,,,大足区,500111,023
500112_023,,,渝北区,500112,023
500113_023,,,巴南区,500113,023
500114_023,,,黔江区,500114,023
500115_023,,,长寿区,500115,023
500116_023,,,江津区,500116,023
500117_023,,,合川区,500117,023
500118_023,,,永川区,500118,023
500119_023,,,南川区,500119,023
500120_023,,,璧山区,500120,023
500151_023,,,铜梁区,500151,023
500152_023,,,潼南区,500152,023
500153_023,,,荣昌区,500153,023
500154_023,,,开州区,500154,023
500155_023,,,梁平区,500155,023
500156_023,,,武隆区,500156,023
500229_023,,,城口县,500229,023
500230_023,,,丰都县,500230,023
500231_023,,,垫江县,500231,023
500233_023,,,忠县,500233,023
500235_023,,,云阳县,500235,023
500236_023,,,奉节县,500236,023
500237_023,,,巫山县,500237,023
500238_023,,,巫溪县,500238,023
500240_023,,,石柱土家族自治县,500240,023
500241_023,,,秀山土家族苗族自治县,500241,023
500242_023,,,酉阳土家族苗族自治县,500242,023
500243_023,,,彭水苗族土家族自治县,500243,023
510000_\N,,,四川省,510000,\N
510100_028,,,成都市,510100,028
510104_028,,,锦江区,510104,028
510105_028,,,青羊区,510105,028
510106_028,,,金牛区,510106,028
510107_028,,,武侯区,510107,028
510108_028,,,成华区,510108,028
510112_028,,,龙泉驿区,510112,028
510113_028,,,青白江区,510113,028
510114_028,,,新都区,510114,028
510115_028,,,温江区,510115,028
510116_028,,,双流区,510116,028
510117_028,,,郫都区,510117,028
510118_028,,,新津区,510118,028
510121_028,,,金堂县,510121,028
510129_028,,,大邑县,510129,028
510131_028,,,蒲江县,510131,028
510181_028,,,都江堰市,510181,028
510182_028,,,彭州市,510182,028
510183_028,,,邛崃市,510183,028
510184_028,,,崇州市,510184,028
510185_028,,,简阳市,510185,028
510300_0813,,,自贡市,510300,0813
510302_0813,,,自流井区,510302,0813
510303_0813,,,贡井区,510303,0813
510304_0813,,,大安区,510304,0813
510311_0813,,,沿滩区,510311,0813
510321_0813,,,荣县,510321,0813
510322_0813,,,富顺县,510322,0813
510400_0812,,,攀枝花市,510400,0812
510402_0812,,,东区,510402,0812
510403_0812,,,西区,510403,0812
510411_0812,,,仁和区,510411,0812
510421_0812,,,米易县,510421,0812
510422_0812,,,盐边县,510422,0812
510500_0830,,,泸州市,510500,0830
510502_0830,,,江阳区,510502,0830
510503_0830,,,纳溪区,510503,0830
510504_0830,,,龙马潭区,510504,0830
510521_0830,,,泸县,510521,0830
510522_0830,,,合江县,510522,0830
510524_0830,,,叙永县,510524,0830
510525_0830,,,古蔺县,510525,0830
510600_0838,,,德阳市,510600,0838
510603_0838,,,旌阳区,510603,0838
510604_0838,,,罗江区,510604,0838
510623_0838,,,中江县,510623,0838
510681_0838,,,广汉市,510681,0838
510682_0838,,,什邡市,510682,0838
510683_0838,,,绵竹市,510683,0838
510700_0816,,,绵阳市,510700,0816
510703_0816,,,涪城区,510703,0816
510704_0816,,,游仙区,510704,0816
510705_0816,,,安州区,510705,0816
510722_0816,,,三台县,510722,0816
510723_0816,,,盐亭县,510723,0816
510725_0816,,,梓潼县,510725,0816
510726_0816,,,北川羌族自治县,510726,0816
510727_0816,,,平武县,510727,0816
510781_0816,,,江油市,510781,0816
510800_0839,,,广元市,510800,0839
510802_0839,,,利州区,510802,0839
510811_0839,,,昭化区,510811,0839
510812_0839,,,朝天区,510812,0839
510821_0839,,,旺苍县,510821,0839
510822_0839,,,青川县,510822,0839
510823_0839,,,剑阁县,510823,0839
510824_0839,,,苍溪县,510824,0839
510900_0825,,,遂宁市,510900,0825
510903_0825,,,船山区,510903,0825
510904_0825,,,安居区,510904,0825
510921_0825,,,蓬溪县,510921,0825
510923_0825,,,大英县,510923,0825
510981_0825,,,射洪市,510981,0825
511000_1832,,,内江市,511000,1832
511002_1832,,,市中区,511002,1832
511011_1832,,,东兴区,511011,1832
511024_1832,,,威远县,511024,1832
511025_1832,,,资中县,511025,1832
511083_1832,,,隆昌市,511083,1832
511100_0833,,,乐山市,511100,0833
511102_0833,,,市中区,511102,0833
511111_0833,,,沙湾区,511111,0833
511112_0833,,,五通桥区,511112,0833
511113_0833,,,金口河区,511113,0833
511123_0833,,,犍为县,511123,0833
511124_0833,,,井研县,511124,0833
511126_0833,,,夹江县,511126,0833
511129_0833,,,沐川县,511129,0833
511132_0833,,,峨边彝族自治县,511132,0833
511133_0833,,,马边彝族自治县,511133,0833
511181_0833,,,峨眉山市,511181,0833
511300_0817,,,南充市,511300,0817
511302_0817,,,顺庆区,511302,0817
511303_0817,,,高坪区,511303,0817
511304_0817,,,嘉陵区,511304,0817
511321_0817,,,南部县,511321,0817
511322_0817,,,营山县,511322,0817
511323_0817,,,蓬安县,511323,0817
511324_0817,,,仪陇县,511324,0817
511325_0817,,,西充县,511325,0817
511381_0817,,,阆中市,511381,0817
511400_1833,,,眉山市,511400,1833
511402_1833,,,东坡区,511402,1833
511403_1833,,,彭山区,511403,1833
511421_1833,,,仁寿县,511421,1833
511423_1833,,,洪雅县,511423,1833
511424_1833,,,丹棱县,511424,1833
511425_1833,,,青神县,511425,1833
511500_0831,,,宜宾市,511500,0831
511502_0831,,,翠屏区,511502,0831
511503_0831,,,南溪区,511503,0831
511504_0831,,,叙州区,511504,0831
511523_0831,,,江安县,511523,0831
511524_0831,,,长宁县,511524,0831
511525_0831,,,高县,511525,0831
511526_0831,,,珙县,511526,0831
511527_0831,,,筠连县,511527,0831
511528_0831,,,兴文县,511528,0831
511529_0831,,,屏山县,511529,0831
511600_0826,,,广安市,511600,0826
511602_0826,,,广安区,511602,0826
511603_0826,,,前锋区,511603,0826
511621_0826,,,岳池县,511621,0826
511622_0826,,,武胜县,511622,0826
511623_0826,,,邻水县,511623,0826
511681_0826,,,华蓥市,511681,0826
511700_0818,,,达州市,511700,0818
511702_0818,,,通川区,511702,0818
511703_0818,,,达川区,511703,0818
511722_0818,,,宣汉县,511722,0818
511723_0818,,,开江县,511723,0818
511724_0818,,,大竹县,511724,0818
511725_0818,,,渠县,511725,0818
511781_0818,,,万源市,511781,0818
511800_0835,,,雅安市,511800,0835
511802_0835,,,雨城区,511802,0835
511803_0835,,,名山区,511803,0835
511822_0835,,,荥经县,511822,0835
511823_0835,,,汉源县,511823,0835
511824_0835,,,石棉县,511824,0835
511825_0835,,,天全县,511825,0835
511826_0835,,,芦山县,511826,0835
511827_0835,,,宝兴县,511827,0835
511900_0827,,,巴中市,511900,0827
511902_0827,,,巴州区,511902,0827
511903_0827,,,恩阳区,511903,0827
511921_0827,,,通江县,511921,0827
511922_0827,,,南江县,511922,0827
511923_0827,,,平昌县,511923,0827
512000_0832,,,资阳市,512000,0832
512002_0832,,,雁江区,512002,0832
512021_0832,,,安岳县,512021,0832
512022_0832,,,乐至县,512022,0832
513200_0837,,,阿坝藏族羌族自治州,513200,0837
513201_0837,,,马尔康市,513201,0837
513221_0837,,,汶川县,513221,0837
513222_0837,,,理县,513222,0837
513223_0837,,,茂县,513223,0837
513224_0837,,,松潘县,513224,0837
513225_0837,,,九寨沟县,513225,0837
513226_0837,,,金川县,513226,0837
513227_0837,,,小金县,513227,0837
513228_0837,,,黑水县,513228,0837
513230_0837,,,壤塘县,513230,0837
513231_0837,,,阿坝县,513231,0837
513232_0837,,,若尔盖县,513232,0837
513233_0837,,,红原县,513233,0837
513300_0836,,,甘孜藏族自治州,513300,0836
513301_0836,,,康定市,513301,0836
513322_0836,,,泸定县,513322,0836
513323_0836,,,丹巴县,513323,0836
513324_0836,,,九龙县,513324,0836
513325_0836,,,雅江县,513325,0836
513326_0836,,,道孚县,513326,0836
513327_0836,,,炉霍县,513327,0836
513328_0836,,,甘孜县,513328,0836
513329_0836,,,新龙县,513329,0836
513330_0836,,,德格县,513330,0836
513331_0836,,,白玉县,513331,0836
513332_0836,,,石渠县,513332,0836
513333_0836,,,色达县,513333,0836
513334_0836,,,理塘县,513334,0836
513335_0836,,,巴塘县,513335,0836
513336_0836,,,乡城县,513336,0836
513337_0836,,,稻城县,513337,0836
513338_0836,,,得荣县,513338,0836
513400_0834,,,凉山彝族自治州,513400,0834
513401_0834,,,西昌市,513401,0834
513402_0834,,,会理市,513402,0834
513422_0834,,,木里藏族自治县,513422,0834
513423_0834,,,盐源县,513423,0834
513424_0834,,,德昌县,513424,0834
513426_0834,,,会东县,513426,0834
513427_0834,,,宁南县,513427,0834
513428_0834,,,普格县,513428,0834
513429_0834,,,布拖县,513429,0834
513430_0834,,,金阳县,513430,0834
513431_0834,,,昭觉县,513431,0834
513432_0834,,,喜德县,513432,0834
513433_0834,,,冕宁县,513433,0834
513434_0834,,,越西县,513434,0834
513435_0834,,,甘洛县,513435,0834
513436_0834,,,美姑县,513436,0834
513437_0834,,,雷波县,513437,0834
520000_\N,,,贵州省,520000,\N
520100_0851,,,贵阳市,520100,0851
520102_0851,,,南明区,520102,0851
520103_0851,,,云岩区,520103,0851
520111_0851,,,花溪区,520111,0851
520112_0851,,,乌当区,520112,0851
520113_0851,,,白云区,520113,0851
520115_0851,,,观山湖区,520115,0851
520121_0851,,,开阳县,520121,0851
520122_0851,,,息烽县,520122,0851
520123_0851,,,修文县,520123,0851
520181_0851,,,清镇市,520181,0851
520200_0858,,,六盘水市,520200,0858
520201_0858,,,钟山区,520201,0858
520203_0858,,,六枝特区,520203,0858
520204_0858,,,水城区,520204,0858
520281_0858,,,盘州市,520281,0858
520300_0852,,,遵义市,520300,0852
520302_0852,,,红花岗区,520302,0852
520303_0852,,,汇川区,520303,0852
520304_0852,,,播州区,520304,0852
520322_0852,,,桐梓县,520322,0852
520323_0852,,,绥阳县,520323,0852
520324_0852,,,正安县,520324,0852
520325_0852,,,道真仡佬族苗族自治县,520325,0852
520326_0852,,,务川仡佬族苗族自治县,520326,0852
520327_0852,,,凤冈县,520327,0852
520328_0852,,,湄潭县,520328,0852
520329_0852,,,余庆县,520329,0852
520330_0852,,,习水县,520330,0852
520381_0852,,,赤水市,520381,0852
520382_0852,,,仁怀市,520382,0852
520400_0853,,,安顺市,520400,0853
520402_0853,,,西秀区,520402,0853
520403_0853,,,平坝区,520403,0853
520422_0853,,,普定县,520422,0853
520423_0853,,,镇宁布依族苗族自治县,520423,0853
520424_0853,,,关岭布依族苗族自治县,520424,0853
520425_0853,,,紫云苗族布依族自治县,520425,0853
520500_0857,,,毕节市,520500,0857
520502_0857,,,七星关区,520502,0857
520521_0857,,,大方县,520521,0857
520523_0857,,,金沙县,520523,0857
520524_0857,,,织金县,520524,0857
520525_0857,,,纳雍县,520525,0857
520526_0857,,,威宁彝族回族苗族自治县,520526,0857
520527_0857,,,赫章县,520527,0857
520581_0857,,,黔西市,520581,0857
520600_0856,,,铜仁市,520600,0856
520602_0856,,,碧江区,520602,0856
520603_0856,,,万山区,520603,0856
520621_0856,,,江口县,520621,0856
520622_0856,,,玉屏侗族自治县,520622,0856
520623_0856,,,石阡县,520623,0856
520624_0856,,,思南县,520624,0856
520625_0856,,,印江土家族苗族自治县,520625,0856
520626_0856,,,德江县,520626,0856
520627_0856,,,沿河土家族自治县,520627,0856
520628_0856,,,松桃苗族自治县,520628,0856
522300_0859,,,黔西南布依族苗族自治州,522300,0859
522301_0859,,,兴义市,522301,0859
522302_0859,,,兴仁市,522302,0859
522323_0859,,,普安县,522323,0859
522324_0859,,,晴隆县,522324,0859
522325_0859,,,贞丰县,522325,0859
522326_0859,,,望谟县,522326,0859
522327_0859,,,册亨县,522327,0859
522328_0859,,,安龙县,522328,0859
522600_0855,,,黔东南苗族侗族自治州,522600,0855
522601_0855,,,凯里市,522601,0855
522622_0855,,,黄平县,522622,0855
522623_0855,,,施秉县,522623,0855
522624_0855,,,三穗县,522624,0855
522625_0855,,,镇远县,522625,0855
522626_0855,,,岑巩县,522626,0855
522627_0855,,,天柱县,522627,0855
522628_0855,,,锦屏县,522628,0855
522629_0855,,,剑河县,522629,0855
522630_0855,,,台江县,522630,0855
522631_0855,,,黎平县,522631,0855
522632_0855,,,榕江县,522632,0855
522633_0855,,,从江县,522633,0855
522634_0855,,,雷山县,522634,0855
522635_0855,,,麻江县,522635,0855
522636_0855,,,丹寨县,522636,0855
522700_0854,,,黔南布依族苗族自治州,522700,0854
522701_0854,,,都匀市,522701,0854
522702_0854,,,福泉市,522702,0854
522722_0854,,,荔波县,522722,0854
522723_0854,,,贵定县,522723,0854
522725_0854,,,瓮安县,522725,0854
522726_0854,,,独山县,522726,0854
522727_0854,,,平塘县,522727,0854
522728_0854,,,罗甸县,522728,0854
522729_0854,,,长顺县,522729,0854
522730_0854,,,龙里县,522730,0854
522731_0854,,,惠水县,522731,0854
522732_0854,,,三都水族自治县,522732,0854
530000_\N,,,云南省,530000,\N
530100_0871,,,昆明市,530100,0871
530102_0871,,,五华区,530102,0871
530103_0871,,,盘龙区,530103,0871
530111_0871,,,官渡区,530111,0871
530112_0871,,,西山区,530112,0871
530113_0871,,,东川区,530113,0871
530114_0871,,,呈贡区,530114,0871
530115_0871,,,晋宁区,530115,0871
530124_0871,,,富民县,530124,0871
530125_0871,,,宜良县,530125,0871
530126_0871,,,石林彝族自治县,530126,0871
530127_0871,,,嵩明县,530127,0871
530128_0871,,,禄劝彝族苗族自治县,530128,0871
530129_0871,,,寻甸回族彝族自治县,530129,0871
530181_0871,,,安宁市,530181,0871
530300_0874,,,曲靖市,530300,0874
530302_0874,,,麒麟区,530302,0874
530303_0874,,,沾益区,530303,0874
530304_0874,,,马龙区,530304,0874
530322_0874,,,陆良县,530322,0874
530323_0874,,,师宗县,530323,0874
530324_0874,,,罗平县,530324,0874
530325_0874,,,富源县,530325,0874
530326_0874,,,会泽县,530326,0874
530381_0874,,,宣威市,530381,0874
530400_0877,,,玉溪市,530400,0877
530402_0877,,,红塔区,530402,0877
530403_0877,,,江川区,530403,0877
530423_0877,,,通海县,530423,0877
530424_0877,,,华宁县,530424,0877
530425_0877,,,易门县,530425,0877
530426_0877,,,峨山彝族自治县,530426,0877
530427_0877,,,新平彝族傣族自治县,530427,0877
530428_0877,,,元江哈尼族彝族傣族自治县,530428,0877
530481_0877,,,澄江市,530481,0877
530500_0875,,,保山市,530500,0875
530502_0875,,,隆阳区,530502,0875
530521_0875,,,施甸县,530521,0875
530523_0875,,,龙陵县,530523,0875
530524_0875,,,昌宁县,530524,0875
530581_0875,,,腾冲市,530581,0875
530600_0870,,,昭通市,530600,0870
530602_0870,,,昭阳区,530602,0870
530621_0870,,,鲁甸县,530621,0870
530622_0870,,,巧家县,530622,0870
530623_0870,,,盐津县,530623,0870
530624_0870,,,大关县,530624,0870
530625_0870,,,永善县,530625,0870
530626_0870,,,绥江县,530626,0870
530627_0870,,,镇雄县,530627,0870
530628_0870,,,彝良县,530628,0870
530629_0870,,,威信县,530629,0870
530681_0870,,,水富市,530681,0870
530700_0888,,,丽江市,530700,0888
530702_0888,,,古城区,530702,0888
530721_0888,,,玉龙纳西族自治县,530721,0888
530722_0888,,,永胜县,530722,0888
530723_0888,,,华坪县,530723,0888
530724_0888,,,宁蒗彝族自治县,530724,0888
530800_0879,,,普洱市,530800,0879
530802_0879,,,思茅区,530802,0879
530821_0879,,,宁洱哈尼族彝族自治县,530821,0879
530822_0879,,,墨江哈尼族自治县,530822,0879
530823_0879,,,景东彝族自治县,530823,0879
530824_0879,,,景谷傣族彝族自治县,530824,0879
530825_0879,,,镇沅彝族哈尼族拉祜族自治县,530825,0879
530826_0879,,,江城哈尼族彝族自治县,530826,0879
530827_0879,,,孟连傣族拉祜族佤族自治县,530827,0879
530828_0879,,,澜沧拉祜族自治县,530828,0879
530829_0879,,,西盟佤族自治县,530829,0879
530900_0883,,,临沧市,530900,0883
530902_0883,,,临翔区,530902,0883
530921_0883,,,凤庆县,530921,0883
530922_0883,,,云县,530922,0883
530923_0883,,,永德县,530923,0883
530924_0883,,,镇康县,530924,0883
530925_0883,,,双江拉祜族佤族布朗族傣族自治县,530925,0883
530926_0883,,,耿马傣族佤族自治县,530926,0883
530927_0883,,,沧源佤族自治县,530927,0883
532300_0878,,,楚雄彝族自治州,532300,0878
532301_0878,,,楚雄市,532301,0878
532302_0878,,,禄丰市,532302,0878
532322_0878,,,双柏县,532322,0878
532323_0878,,,牟定县,532323,0878
532324_0878,,,南华县,532324,0878
532325_0878,,,姚安县,532325,0878
532326_0878,,,大姚县,532326,0878
532327_0878,,,永仁县,532327,0878
532328_0878,,,元谋县,532328,0878
532329_0878,,,武定县,532329,0878
532500_0873,,,红河哈尼族彝族自治州,532500,0873
532501_0873,,,个旧市,532501,0873
532502_0873,,,开远市,532502,0873
532503_0873,,,蒙自市,532503,0873
532504_0873,,,弥勒市,532504,0873
532523_0873,,,屏边苗族自治县,532523,0873
532524_0873,,,建水县,532524,0873
532525_0873,,,石屏县,532525,0873
532527_0873,,,泸西县,532527,0873
532528_0873,,,元阳县,532528,0873
532529_0873,,,红河县,532529,0873
532530_0873,,,金平苗族瑶族傣族自治县,532530,0873
532531_0873,,,绿春县,532531,0873
532532_0873,,,河口瑶族自治县,532532,0873
532600_0876,,,文山壮族苗族自治州,532600,0876
532601_0876,,,文山市,532601,0876
532622_0876,,,砚山县,532622,0876
532623_0876,,,西畴县,532623,0876
532624_0876,,,麻栗坡县,532624,0876
532625_0876,,,马关县,532625,0876
532626_0876,,,丘北县,532626,0876
532627_0876,,,广南县,532627,0876
532628_0876,,,富宁县,532628,0876
532800_0691,,,西双版纳傣族自治州,532800,0691
532801_0691,,,景洪市,532801,0691
532822_0691,,,勐海县,532822,0691
532823_0691,,,勐腊县,532823,0691
532900_0872,,,大理白族自治州,532900,0872
532901_0872,,,大理市,532901,0872
532922_0872,,,漾濞彝族自治县,532922,0872
532923_0872,,,祥云县,532923,0872
532924_0872,,,宾川县,532924,0872
532925_0872,,,弥渡县,532925,0872
532926_0872,,,南涧彝族自治县,532926,0872
532927_0872,,,巍山彝族回族自治县,532927,0872
532928_0872,,,永平县,532928,0872
532929_0872,,,云龙县,532929,0872
532930_0872,,,洱源县,532930,0872
532931_0872,,,剑川县,532931,0872
532932_0872,,,鹤庆县,532932,0872
533100_0692,,,德宏傣族景颇族自治州,533100,0692
533102_0692,,,瑞丽市,533102,0692
533103_0692,,,芒市,533103,0692
533122_0692,,,梁河县,533122,0692
533123_0692,,,盈江县,533123,0692
533124_0692,,,陇川县,533124,0692
533300_0886,,,怒江傈僳族自治州,533300,0886
533301_0886,,,泸水市,533301,0886
533323_0886,,,福贡县,533323,0886
533324_0886,,,贡山独龙族怒族自治县,533324,0886
533325_0886,,,兰坪白族普米族自治县,533325,0886
533400_0887,,,迪庆藏族自治州,533400,0887
533401_0887,,,香格里拉市,533401,0887
533422_0887,,,德钦县,533422,0887
533423_0887,,,维西傈僳族自治县,533423,0887
540000_\N,,,西藏自治区,540000,\N
540100_0891,,,拉萨市,540100,0891
540102_0891,,,城关区,540102,0891
540103_0891,,,堆龙德庆区,540103,0891
540104_0891,,,达孜区,540104,0891
540121_0891,,,林周县,540121,0891
540122_0891,,,当雄县,540122,0891
540123_0891,,,尼木县,540123,0891
540124_0891,,,曲水县,540124,0891
540127_0891,,,墨竹工卡县,540127,0891
540200_0892,,,日喀则市,540200,0892
540202_0892,,,桑珠孜区,540202,0892
540221_0892,,,南木林县,540221,0892
540222_0892,,,江孜县,540222,0892
540223_0892,,,定日县,540223,0892
540224_0892,,,萨迦县,540224,0892
540225_0892,,,拉孜县,540225,0892
540226_0892,,,昂仁县,540226,0892
540227_0892,,,谢通门县,540227,0892
540228_0892,,,白朗县,540228,0892
540229_0892,,,仁布县,540229,0892
540230_0892,,,康马县,540230,0892
540231_0892,,,定结县,540231,0892
540232_0892,,,仲巴县,540232,0892
540233_0892,,,亚东县,540233,0892
540234_0892,,,吉隆县,540234,0892
540235_0892,,,聂拉木县,540235,0892
540236_0892,,,萨嘎县,540236,0892
540237_0892,,,岗巴县,540237,0892
540300_0895,,,昌都市,540300,0895
540302_0895,,,卡若区,540302,0895
540321_0895,,,江达县,540321,0895
540322_0895,,,贡觉县,540322,0895
540323_0895,,,类乌齐县,540323,0895
540324_0895,,,丁青县,540324,0895
540325_0895,,,察雅县,540325,0895
540326_0895,,,八宿县,540326,0895
540327_0895,,,左贡县,540327,0895
540328_0895,,,芒康县,540328,0895
540329_0895,,,洛隆县,540329,0895
540330_0895,,,边坝县,540330,0895
540400_0894,,,林芝市,540400,0894
540402_0894,,,巴宜区,540402,0894
540421_0894,,,工布江达县,540421,0894
540423_0894,,,墨脱县,540423,0894
540424_0894,,,波密县,540424,0894
540425_0894,,,察隅县,540425,0894
540426_0894,,,朗县,540426,0894
540481_0894,,,米林市,540481,0894
540500_0893,,,山南市,540500,0893
540502_0893,,,乃东区,540502,0893
540521_0893,,,扎囊县,540521,0893
540522_0893,,,贡嘎县,540522,0893
540523_0893,,,桑日县,540523,0893
540524_0893,,,琼结县,540524,0893
540525_0893,,,曲松县,540525,0893
540526_0893,,,措美县,540526,0893
540527_0893,,,洛扎县,540527,0893
540528_0893,,,加查县,540528,0893
540529_0893,,,隆子县,540529,0893
540531_0893,,,浪卡子县,540531,0893
540581_0893,,,错那市,540581,0893
540600_0896,,,那曲市,540600,0896
540602_0896,,,色尼区,540602,0896
540621_0896,,,嘉黎县,540621,0896
540622_0896,,,比如县,540622,0896
540623_0896,,,聂荣县,540623,0896
540624_0896,,,安多县,540624,0896
540625_0896,,,申扎县,540625,0896
540626_0896,,,索县,540626,0896
540627_0896,,,班戈县,540627,0896
540628_0896,,,巴青县,540628,0896
540629_0896,,,尼玛县,540629,0896
540630_0896,,,双湖县,540630,0896
542500_0897,,,阿里地区,542500,0897
542521_0897,,,普兰县,542521,0897
542522_0897,,,札达县,542522,0897
542523_0897,,,噶尔县,542523,0897
542524_0897,,,日土县,542524,0897
542525_0897,,,革吉县,542525,0897
542526_0897,,,改则县,542526,0897
542527_0897,,,措勤县,542527,0897
610000_\N,,,陕西省,610000,\N
610100_029,,,西安市,610100,029
610102_029,,,新城区,610102,029
610103_029,,,碑林区,610103,029
610104_029,,,莲湖区,610104,029
610111_029,,,灞桥区,610111,029
610112_029,,,未央区,610112,029
610113_029,,,雁塔区,610113,029
610114_029,,,阎良区,610114,029
610115_029,,,临潼区,610115,029
610116_029,,,长安区,610116,029
610117_029,,,高陵区,610117,029
610118_029,,,鄠邑区,610118,029
610122_029,,,蓝田县,610122,029
610124_029,,,周至县,610124,029
610200_0919,,,铜川市,610200,0919
610202_0919,,,王益区,610202,0919
610203_0919,,,印台区,610203,0919
610204_0919,,,耀州区,610204,0919
610222_0919,,,宜君县,610222,0919
610300_0917,,,宝鸡市,610300,0917
610302_0917,,,渭滨区,610302,0917
610303_0917,,,金台区,610303,0917
610304_0917,,,陈仓区,610304,0917
610305_0917,,,凤翔区,610305,0917
610323_0917,,,岐山县,610323,0917
610324_0917,,,扶风县,610324,0917
610326_0917,,,眉县,610326,0917
610327_0917,,,陇县,610327,0917
610328_0917,,,千阳县,610328,0917
610329_0917,,,麟游县,610329,0917
610330_0917,,,凤县,610330,0917
610331_0917,,,太白县,610331,0917
610400_0910,,,咸阳市,610400,0910
610402_0910,,,秦都区,610402,0910
610403_0910,,,杨陵区,610403,0910
610404_0910,,,渭城区,610404,0910
610422_0910,,,三原县,610422,0910
610423_0910,,,泾阳县,610423,0910
610424_0910,,,乾县,610424,0910
610425_0910,,,礼泉县,610425,0910
610426_0910,,,永寿县,610426,0910
610428_0910,,,长武县,610428,0910
610429_0910,,,旬邑县,610429,0910
610430_0910,,,淳化县,610430,0910
610431_0910,,,武功县,610431,0910
610481_0910,,,兴平市,610481,0910
610482_0910,,,彬州市,610482,0910
610500_0913,,,渭南市,610500,0913
610502_0913,,,临渭区,610502,0913
610503_0913,,,华州区,610503,0913
610522_0913,,,潼关县,610522,0913
610523_0913,,,大荔县,610523,0913
610524_0913,,,合阳县,610524,0913
610525_0913,,,澄城县,610525,0913
610526_0913,,,蒲城县,610526,0913
610527_0913,,,白水县,610527,0913
610528_0913,,,富平县,610528,0913
610581_0913,,,韩城市,610581,0913
610582_0913,,,华阴市,610582,0913
610600_0911,,,延安市,610600,0911
610602_0911,,,宝塔区,610602,0911
610603_0911,,,安塞区,610603,0911
610621_0911,,,延长县,610621,0911
610622_0911,,,延川县,610622,0911
610625_0911,,,志丹县,610625,0911
610626_0911,,,吴起县,610626,0911
610627_0911,,,甘泉县,610627,0911
610628_0911,,,富县,610628,0911
610629_0911,,,洛川县,610629,0911
610630_0911,,,宜川县,610630,0911
610631_0911,,,黄龙县,610631,0911
610632_0911,,,黄陵县,610632,0911
610681_0911,,,子长市,610681,0911
610700_0916,,,汉中市,610700,0916
610702_0916,,,汉台区,610702,0916
610703_0916,,,南郑区,610703,0916
610722_0916,,,城固县,610722,0916
610723_0916,,,洋县,610723,0916
610724_0916,,,西乡县,610724,0916
610725_0916,,,勉县,610725,0916
610726_0916,,,宁强县,610726,0916
610727_0916,,,略阳县,610727,0916
610728_0916,,,镇巴县,610728,0916
610729_0916,,,留坝县,610729,0916
610730_0916,,,佛坪县,610730,0916
610800_0912,,,榆林市,610800,0912
610802_0912,,,榆阳区,610802,0912
610803_0912,,,横山区,610803,0912
610822_0912,,,府谷县,610822,0912
610824_0912,,,靖边县,610824,0912
610825_0912,,,定边县,610825,0912
610826_0912,,,绥德县,610826,0912
610827_0912,,,米脂县,610827,0912
610828_0912,,,佳县,610828,0912
610829_0912,,,吴堡县,610829,0912
610830_0912,,,清涧县,610830,0912
610831_0912,,,子洲县,610831,0912
610881_0912,,,神木市,610881,0912
610900_0915,,,安康市,610900,0915
610902_0915,,,汉滨区,610902,0915
610921_0915,,,汉阴县,610921,0915
610922_0915,,,石泉县,610922,0915
610923_0915,,,宁陕县,610923,0915
610924_0915,,,紫阳县,610924,0915
610925_0915,,,岚皋县,610925,0915
610926_0915,,,平利县,610926,0915
610927_0915,,,镇坪县,610927,0915
610929_0915,,,白河县,610929,0915
610981_0915,,,旬阳市,610981,0915
611000_0914,,,商洛市,611000,0914
611002_0914,,,商州区,611002,0914
611021_0914,,,洛南县,611021,0914
611022_0914,,,丹凤县,611022,0914
611023_0914,,,商南县,611023,0914
611024_0914,,,山阳县,611024,0914
611025_0914,,,镇安县,611025,0914
611026_0914,,,柞水县,611026,0914
620000_\N,,,甘肃省,620000,\N
620100_0931,,,兰州市,620100,0931
620102_0931,,,城关区,620102,0931
620103_0931,,,七里河区,620103,0931
620104_0931,,,西固区,620104,0931
620105_0931,,,安宁区,620105,0931
620111_0931,,,红古区,620111,0931
620121_0931,,,永登县,620121,0931
620122_0931,,,皋兰县,620122,0931
620123_0931,,,榆中县,620123,0931
620200_1937,,,嘉峪关市,620200,1937
620300_0935,,,金昌市,620300,0935
620302_0935,,,金川区,620302,0935
620321_0935,,,永昌县,620321,0935
620400_0943,,,白银市,620400,0943
620402_0943,,,白银区,620402,0943
620403_0943,,,平川区,620403,0943
620421_0943,,,靖远县,620421,0943
620422_0943,,,会宁县,620422,0943
620423_0943,,,景泰县,620423,0943
620500_0938,,,天水市,620500,0938
620502_0938,,,秦州区,620502,0938
620503_0938,,,麦积区,620503,0938
620521_0938,,,清水县,620521,0938
620522_0938,,,秦安县,620522,0938
620523_0938,,,甘谷县,620523,0938
620524_0938,,,武山县,620524,0938
620525_0938,,,张家川回族自治县,620525,0938
620600_1935,,,武威市,620600,1935
620602_1935,,,凉州区,620602,1935
620621_1935,,,民勤县,620621,1935
620622_1935,,,古浪县,620622,1935
620623_1935,,,天祝藏族自治县,620623,1935
620700_0936,,,张掖市,620700,0936
620702_0936,,,甘州区,620702,0936
620721_0936,,,肃南裕固族自治县,620721,0936
620722_0936,,,民乐县,620722,0936
620723_0936,,,临泽县,620723,0936
620724_0936,,,高台县,620724,0936
620725_0936,,,山丹县,620725,0936
620800_0933,,,平凉市,620800,0933
620802_0933,,,崆峒区,620802,0933
620821_0933,,,泾川县,620821,0933
620822_0933,,,灵台县,620822,0933
620823_0933,,,崇信县,620823,0933
620825_0933,,,庄浪县,620825,0933
620826_0933,,,静宁县,620826,0933
620881_0933,,,华亭市,620881,0933
620900_0937,,,酒泉市,620900,0937
620902_0937,,,肃州区,620902,0937
620921_0937,,,金塔县,620921,0937
620922_0937,,,瓜州县,620922,0937
620923_0937,,,肃北蒙古族自治县,620923,0937
620924_0937,,,阿克塞哈萨克族自治县,620924,0937
620981_0937,,,玉门市,620981,0937
620982_0937,,,敦煌市,620982,0937
621000_0934,,,庆阳市,621000,0934
621002_0934,,,西峰区,621002,0934
621021_0934,,,庆城县,621021,0934
621022_0934,,,环县,621022,0934
621023_0934,,,华池县,621023,0934
621024_0934,,,合水县,621024,0934
621025_0934,,,正宁县,621025,0934
621026_0934,,,宁县,621026,0934
621027_0934,,,镇原县,621027,0934
621100_0932,,,定西市,621100,0932
621102_0932,,,安定区,621102,0932
621121_0932,,,通渭县,621121,0932
621122_0932,,,陇西县,621122,0932
621123_0932,,,渭源县,621123,0932
621124_0932,,,临洮县,621124,0932
621125_0932,,,漳县,621125,0932
621126_0932,,,岷县,621126,0932
621200_2935,,,陇南市,621200,2935
621202_2935,,,武都区,621202,2935
621221_2935,,,成县,621221,2935
621222_2935,,,文县,621222,2935
621223_2935,,,宕昌县,621223,2935
621224_2935,,,康县,621224,2935
621225_2935,,,西和县,621225,2935
621226_2935,,,礼县,621226,2935
621227_2935,,,徽县,621227,2935
621228_2935,,,两当县,621228,2935
622900_0930,,,临夏回族自治州,622900,0930
622901_0930,,,临夏市,622901,0930
622921_0930,,,临夏县,622921,0930
622922_0930,,,康乐县,622922,0930
622923_0930,,,永靖县,622923,0930
622924_0930,,,广河县,622924,0930
622925_0930,,,和政县,622925,0930
622926_0930,,,东乡族自治县,622926,0930
622927_0930,,,积石山保安族东乡族撒拉族自治县,622927,0930
623000_0941,,,甘南藏族自治州,623000,0941
623001_0941,,,合作市,623001,0941
623021_0941,,,临潭县,623021,0941
623022_0941,,,卓尼县,623022,0941
623023_0941,,,舟曲县,623023,0941
623024_0941,,,迭部县,623024,0941
623025_0941,,,玛曲县,623025,0941
623026_0941,,,碌曲县,623026,0941
623027_0941,,,夏河县,623027,0941
630000_\N,,,青海省,630000,\N
630100_0971,,,西宁市,630100,0971
630102_0971,,,城东区,630102,0971
630103_0971,,,城中区,630103,0971
630104_0971,,,城西区,630104,0971
630105_0971,,,城北区,630105,0971
630106_0971,,,湟中区,630106,0971
630121_0971,,,大通回族土族自治县,630121,0971
630123_0971,,,湟源县,630123,0971
630200_0972,,,海东市,630200,0972
630202_0972,,,乐都区,630202,0972
630203_0972,,,平安区,630203,0972
630222_0972,,,民和回族土族自治县,630222,0972
630223_0972,,,互助土族自治县,630223,0972
630224_0972,,,化隆回族自治县,630224,0972
630225_0972,,,循化撒拉族自治县,630225,0972
632200_0970,,,海北藏族自治州,632200,0970
632221_0970,,,门源回族自治县,632221,0970
632222_0970,,,祁连县,632222,0970
632223_0970,,,海晏县,632223,0970
632224_0970,,,刚察县,632224,0970
632300_0973,,,黄南藏族自治州,632300,0973
632301_0973,,,同仁市,632301,0973
632322_0973,,,尖扎县,632322,0973
632323_0973,,,泽库县,632323,0973
632324_0973,,,河南蒙古族自治县,632324,0973
632500_0974,,,海南藏族自治州,632500,0974
632521_0974,,,共和县,632521,0974
632522_0974,,,同德县,632522,0974
632523_0974,,,贵德县,632523,0974
632524_0974,,,兴海县,632524,0974
632525_0974,,,贵南县,632525,0974
632600_0975,,,果洛藏族自治州,632600,0975
632621_0975,,,玛沁县,632621,0975
632622_0975,,,班玛县,632622,0975
632623_0975,,,甘德县,632623,0975
632624_0975,,,达日县,632624,0975
632625_0975,,,久治县,632625,0975
632626_0975,,,玛多县,632626,0975
632700_0976,,,玉树藏族自治州,632700,0976
632701_0976,,,玉树市,632701,0976
632722_0976,,,杂多县,632722,0976
632723_0976,,,称多县,632723,0976
632724_0976,,,治多县,632724,0976
632725_0976,,,囊谦县,632725,0976
632726_0976,,,曲麻莱县,632726,0976
632800_0977,,,海西蒙古族藏族自治州,632800,0977
632801_0977,,,格尔木市,632801,0977
632802_0977,,,德令哈市,632802,0977
632803_0977,,,茫崖市,632803,0977
632821_0977,,,乌兰县,632821,0977
632822_0977,,,都兰县,632822,0977
632823_0977,,,天峻县,632823,0977
632825_0977,,,海西蒙古族藏族自治州直辖,632825,0977
640000_\N,,,宁夏回族自治区,640000,\N
640100_0951,,,银川市,640100,0951
640104_0951,,,兴庆区,640104,0951
640105_0951,,,西夏区,640105,0951
640106_0951,,,金凤区,640106,0951
640121_0951,,,永宁县,640121,0951
640122_0951,,,贺兰县,640122,0951
640181_0951,,,灵武市,640181,0951
640200_0952,,,石嘴山市,640200,0952
640202_0952,,,大武口区,640202,0952
640205_0952,,,惠农区,640205,0952
640221_0952,,,平罗县,640221,0952
640300_0953,,,吴忠市,640300,0953
640302_0953,,,利通区,640302,0953
640303_0953,,,红寺堡区,640303,0953
640323_0953,,,盐池县,640323,0953
640324_0953,,,同心县,640324,0953
640381_0953,,,青铜峡市,640381,0953
640400_0954,,,固原市,640400,0954
640402_0954,,,原州区,640402,0954
640422_0954,,,西吉县,640422,0954
640423_0954,,,隆德县,640423,0954
640424_0954,,,泾源县,640424,0954
640425_0954,,,彭阳县,640425,0954
640500_1953,,,中卫市,640500,1953
640502_1953,,,沙坡头区,640502,1953
640521_1953,,,中宁县,640521,1953
640522_1953,,,海原县,640522,1953
650000_\N,,,新疆维吾尔自治区,650000,\N
650100_0991,,,乌鲁木齐市,650100,0991
650102_0991,,,天山区,650102,0991
650103_0991,,,沙依巴克区,650103,0991
650104_0991,,,新市区,650104,0991
650105_0991,,,水磨沟区,650105,0991
650106_0991,,,头屯河区,650106,0991
650107_0991,,,达坂城区,650107,0991
650109_0991,,,米东区,650109,0991
650121_0991,,,乌鲁木齐县,650121,0991
650200_0990,,,克拉玛依市,650200,0990
650202_0990,,,独山子区,650202,0990
650203_0990,,,克拉玛依区,650203,0990
650204_0990,,,白碱滩区,650204,0990
650205_0990,,,乌尔禾区,650205,0990
650400_0995,,,吐鲁番市,650400,0995
650402_0995,,,高昌区,650402,0995
650421_0995,,,鄯善县,650421,0995
650422_0995,,,托克逊县,650422,0995
650500_0902,,,哈密市,650500,0902
650502_0902,,,伊州区,650502,0902
650521_0902,,,巴里坤哈萨克自治县,650521,0902
650522_0902,,,伊吾县,650522,0902
652300_0994,,,昌吉回族自治州,652300,0994
652301_0994,,,昌吉市,652301,0994
652302_0994,,,阜康市,652302,0994
652323_0994,,,呼图壁县,652323,0994
652324_0994,,,玛纳斯县,652324,0994
652325_0994,,,奇台县,652325,0994
652327_0994,,,吉木萨尔县,652327,0994
652328_0994,,,木垒哈萨克自治县,652328,0994
652700_0909,,,博尔塔拉蒙古自治州,652700,0909
652701_0909,,,博乐市,652701,0909
652702_0909,,,阿拉山口市,652702,0909
652722_0909,,,精河县,652722,0909
652723_0909,,,温泉县,652723,0909
652800_0996,,,巴音郭楞蒙古自治州,652800,0996
652801_0996,,,库尔勒市,652801,0996
652822_0996,,,轮台县,652822,0996
652823_0996,,,尉犁县,652823,0996
652824_0996,,,若羌县,652824,0996
652825_0996,,,且末县,652825,0996
652826_0996,,,焉耆回族自治县,652826,0996
652827_0996,,,和静县,652827,0996
652828_0996,,,和硕县,652828,0996
652829_0996,,,博湖县,652829,0996
652900_0997,,,阿克苏地区,652900,0997
652901_0997,,,阿克苏市,652901,0997
652902_0997,,,库车市,652902,0997
652922_0997,,,温宿县,652922,0997
652924_0997,,,沙雅县,652924,0997
652925_0997,,,新和县,652925,0997
652926_0997,,,拜城县,652926,0997
652927_0997,,,乌什县,652927,0997
652928_0997,,,阿瓦提县,652928,0997
652929_0997,,,柯坪县,652929,0997
653000_0908,,,克孜勒苏柯尔克孜自治州,653000,0908
653001_0908,,,阿图什市,653001,0908
653022_0908,,,阿克陶县,653022,0908
653023_0908,,,阿合奇县,653023,0908
653024_0908,,,乌恰县,653024,0908
653100_0998,,,喀什地区,653100,0998
653101_0998,,,喀什市,653101,0998
653121_0998,,,疏附县,653121,0998
653122_0998,,,疏勒县,653122,0998
653123_0998,,,英吉沙县,653123,0998
653124_0998,,,泽普县,653124,0998
653125_0998,,,莎车县,653125,0998
653126_0998,,,叶城县,653126,0998
653127_0998,,,麦盖提县,653127,0998
653128_0998,,,岳普湖县,653128,0998
653129_0998,,,伽师县,653129,0998
653130_0998,,,巴楚县,653130,0998
653131_0998,,,塔什库尔干塔吉克自治县,653131,0998
653200_0903,,,和田地区,653200,0903
653201_0903,,,和田市,653201,0903
653221_0903,,,和田县,653221,0903
653222_0903,,,墨玉县,653222,0903
653223_0903,,,皮山县,653223,0903
653224_0903,,,洛浦县,653224,0903
653225_0903,,,策勒县,653225,0903
653226_0903,,,于田县,653226,0903
653227_0903,,,民丰县,653227,0903
654000_0999,,,伊犁哈萨克自治州,654000,0999
654002_0999,,,伊宁市,654002,0999
654003_0999,,,奎屯市,654003,0999
654004_0999,,,霍尔果斯市,654004,0999
654021_0999,,,伊宁县,654021,0999
654022_0999,,,察布查尔锡伯自治县,654022,0999
654023_0999,,,霍城县,654023,0999
654024_0999,,,巩留县,654024,0999
654025_0999,,,新源县,654025,0999
654026_0999,,,昭苏县,654026,0999
654027_0999,,,特克斯县,654027,0999
654028_0999,,,尼勒克县,654028,0999
654200_0901,,,塔城地区,654200,0901
654201_0901,,,塔城市,654201,0901
654202_0901,,,乌苏市,654202,0901
654203_0901,,,沙湾市,654203,0901
654221_0901,,,额敏县,654221,0901
654224_0901,,,托里县,654224,0901
654225_0901,,,裕民县,654225,0901
654226_0901,,,和布克赛尔蒙古自治县,654226,0901
654300_0906,,,阿勒泰地区,654300,0906
654301_0906,,,阿勒泰市,654301,0906
654321_0906,,,布尔津县,654321,0906
654322_0906,,,富蕴县,654322,0906
654323_0906,,,福海县,654323,0906
654324_0906,,,哈巴河县,654324,0906
654325_0906,,,青河县,654325,0906
654326_0906,,,吉木乃县,654326,0906
659001_0993,,,石河子市,659001,0993
659002_1997,,,阿拉尔市,659002,1997
659003_1998,,,图木舒克市,659003,1998
659004_1994,,,五家渠市,659004,1994
659005_1906,,,北屯市,659005,1906
659006_1996,,,铁门关市,659006,1996
659007_1909,,,双河市,659007,1909
659008_1999,,,可克达拉市,659008,1999
659009_1903,,,昆玉市,659009,1903
659010_0992,,,胡杨河市,659010,0992
659011_2940,,,新星市,659011,2940
659012_2941,,,白杨市,659012,2941
710000_1886,,,台湾省,710000,1886
810000_1852,,,香港特别行政区,810000,1852
810001_1852,,,中西区,810001,1852
810002_1852,,,湾仔区,810002,1852
810003_1852,,,东区,810003,1852
810004_1852,,,南区,810004,1852
810005_1852,,,油尖旺区,810005,1852
810006_1852,,,深水埗区,810006,1852
810007_1852,,,九龙城区,810007,1852
810008_1852,,,黄大仙区,810008,1852
810009_1852,,,观塘区,810009,1852
810010_1852,,,荃湾区,810010,1852
810011_1852,,,屯门区,810011,1852
810012_1852,,,元朗区,810012,1852
810013_1852,,,北区,810013,1852
810014_1852,,,大埔区,810014,1852
810015_1852,,,西贡区,810015,1852
810016_1852,,,沙田区,810016,1852
810017_1852,,,葵青区,810017,1852
810018_1852,,,离岛区,810018,1852
820000_1853,,,澳门特别行政区,820000,1853
820001_1853,,,花地玛堂区,820001,1853
820002_1853,,,花王堂区,820002,1853
820003_1853,,,望德堂区,820003,1853
820004_1853,,,大堂区,820004,1853
820005_1853,,,风顺堂区,820005,1853
820006_1853,,,嘉模堂区,820006,1853
820007_1853,,,路氹填海区,820007,1853
820008_1853,,,圣方济各堂区,820008,1853
